用户,粉丝名称,source,target
崩坏星穹铁道,崩坏星穹铁道,0,0
崩坏星穹铁道,岩祓,0,100
崩坏星穹铁道,嗯这糖可真甜,0,1
崩坏星穹铁道,逢雪踏冬,0,101
崩坏星穹铁道,新西兰鲨鱼,0,2
崩坏星穹铁道,爱玩原神的翔,0,102
崩坏星穹铁道,白小虾是只咕咕,0,3
崩坏星穹铁道,v哥看V步,0,103
崩坏星穹铁道,老师爸,0,4
崩坏星穹铁道,bili_52909307928,0,104
崩坏星穹铁道,6人头费拿手玫和,0,105
崩坏星穹铁道,拨开云间洒月光,0,106
崩坏星穹铁道,怜生-wz,0,107
崩坏星穹铁道,爱吃糖的原碗,0,108
崩坏星穹铁道,bili_84466337519,0,109
崩坏星穹铁道,okqwetud,0,110
崩坏星穹铁道,星绊555,0,111
崩坏星穹铁道,炸图小能手2号,0,112
崩坏星穹铁道,可爱的琦羊羊,0,113
崩坏星穹铁道,下楼是我的,0,114
崩坏星穹铁道,-忒君-,0,115
崩坏星穹铁道,Dr-伤月,0,116
崩坏星穹铁道,衫芝泷穆,0,5
崩坏星穹铁道,瑞辛不是咖啡,0,117
崩坏星穹铁道,bili_58082610345,0,118
崩坏星穹铁道,变身老幺,0,6
崩坏星穹铁道,淡墨mou,0,7
崩坏星穹铁道,bili_25445404255,0,8
崩坏星穹铁道,只要相信即存在,0,9
崩坏星穹铁道,killjhg,0,119
崩坏星穹铁道,-林夕阳-,0,120
崩坏星穹铁道,勇者如库,0,121
崩坏星穹铁道,戴章鱼的金皇冠,0,122
崩坏星穹铁道,莫再徘徊,0,123
崩坏星穹铁道,狐斋宫的诗歌,0,124
崩坏星穹铁道,Zynisch,0,125
崩坏星穹铁道,bili_82468331521,0,126
崩坏星穹铁道,冬日北极,0,10
崩坏星穹铁道,bili_71127153569,0,11
崩坏星穹铁道,欣枝,0,12
崩坏星穹铁道,希儿真是太可爱了-,0,127
崩坏星穹铁道,dudhrrooa,0,13
崩坏星穹铁道,洛依与星河,0,128
崩坏星穹铁道,bili_57812947345,0,129
崩坏星穹铁道,咸鱼很蓝,0,14
崩坏星穹铁道,乐颖白,0,130
崩坏星穹铁道,林中无霁,0,15
崩坏星穹铁道,落魂归蒙,0,16
崩坏星穹铁道,建作,0,131
崩坏星穹铁道,实惠汉堡,0,17
崩坏星穹铁道,fxfcqoksp,0,18
崩坏星穹铁道,制冰用的冰箱,0,132
崩坏星穹铁道,流辉金,0,19
崩坏星穹铁道,5who,0,133
崩坏星穹铁道,浮世113,0,134
崩坏星穹铁道,叶未鸯,0,20
崩坏星穹铁道,bili_60078435296,0,135
崩坏星穹铁道,我眼睛不干,0,21
崩坏星穹铁道,小不溜冻,0,22
崩坏星穹铁道,bili_14553512154,0,23
崩坏星穹铁道,bili_60649179071,0,136
崩坏星穹铁道,心有千千愁,0,137
崩坏星穹铁道,邶之,0,24
崩坏星穹铁道,一汪清泉_,0,138
崩坏星穹铁道,bili_29534278622,0,25
崩坏星穹铁道,PlushToast,0,26
崩坏星穹铁道,你的万同学,0,139
崩坏星穹铁道,奶糖日記,0,140
崩坏星穹铁道,bili_20021536257,0,141
崩坏星穹铁道,羽只维,0,142
崩坏星穹铁道,bili_64799596444,0,143
崩坏星穹铁道,宵宫的锦鲤,0,27
崩坏星穹铁道,阿萨姆流萤茶,0,28
崩坏星穹铁道,阿伟爆了,0,144
崩坏星穹铁道,天地贯通之气,0,145
崩坏星穹铁道,自许喑缘,0,146
崩坏星穹铁道,织田作qwq,0,147
崩坏星穹铁道,_芙芙贴贴_,0,148
崩坏星穹铁道,_芙芙贴贴_,0,148
崩坏星穹铁道,bili_95760817982,0,149
崩坏星穹铁道,美女你谁zz,0,29
崩坏星穹铁道,40401450445,0,30
崩坏星穹铁道,大wewewe,0,31
崩坏星穹铁道,bili_13971632864,0,32
崩坏星穹铁道,你有情人我有劫,0,150
崩坏星穹铁道,我的学校丧心病狂,0,33
崩坏星穹铁道,麦芽长大了,0,34
崩坏星穹铁道,bili_34439002974,0,35
崩坏星穹铁道,程十一__,0,151
崩坏星穹铁道,符玄接口,0,36
崩坏星穹铁道,魉與,0,152
崩坏星穹铁道,Arrive颖,0,37
崩坏星穹铁道,白曦-辰,0,38
崩坏星穹铁道,茶呗,0,153
崩坏星穹铁道,心怀墨香,0,154
崩坏星穹铁道,潤羽_るしあ,0,155
崩坏星穹铁道,三生暮雨渡潇潇66,0,39
崩坏星穹铁道,bili_20144284516,0,156
崩坏星穹铁道,清砚冰,0,157
崩坏星穹铁道,bili_93757047697,0,158
崩坏星穹铁道,东篱梅子酒_Mico,0,159
崩坏星穹铁道,在我与世界之间,0,160
崩坏星穹铁道,有时佑逝,0,161
崩坏星穹铁道,bili_52340636713,0,40
崩坏星穹铁道,哥的连帽衫,0,41
崩坏星穹铁道,bili_43640243197,0,162
崩坏星穹铁道,小小崩酱,0,42
崩坏星穹铁道,缪蛙,0,163
崩坏星穹铁道,万叶千声风落雨,0,164
崩坏星穹铁道,穂七,0,165
崩坏星穹铁道,备总何时加强,0,166
崩坏星穹铁道,bili_92663980873,0,167
崩坏星穹铁道,bili_41642786951,0,43
崩坏星穹铁道,99居心,0,168
崩坏星穹铁道,不止于辅助,0,44
崩坏星穹铁道,bili28326853903,0,169
崩坏星穹铁道,咲汐月,0,170
崩坏星穹铁道,修孤独谈寂寞,0,45
崩坏星穹铁道,huziman,0,171
崩坏星穹铁道,幽梦怎能淡定,0,172
崩坏星穹铁道,啥情况吗吗,0,46
崩坏星穹铁道,懿思绪-,0,47
崩坏星穹铁道,CVC小呦,0,173
崩坏星穹铁道,特工_,0,48
崩坏星穹铁道,君莫笑10242,0,174
崩坏星穹铁道,完了吗3,0,49
崩坏星穹铁道,20190511,0,175
崩坏星穹铁道,bili_94076294321,0,176
崩坏星穹铁道,永无悲剧的梦,0,177
崩坏星穹铁道,bili_10195894755,0,50
崩坏星穹铁道,想被浪漫溺死,0,51
崩坏星穹铁道,暗区de小菜,0,52
崩坏星穹铁道,辒?,0,178
崩坏星穹铁道,Zechariah--,0,53
崩坏星穹铁道,压缩蛋糕,0,54
崩坏星穹铁道,Zechariah--,0,53
崩坏星穹铁道,压缩蛋糕,0,54
崩坏星穹铁道,bili_35814187847,0,55
崩坏星穹铁道,bili_31655737405,0,179
崩坏星穹铁道,深夜爲誰哭,0,180
崩坏星穹铁道,温莎碧安德,0,56
崩坏星穹铁道,_半斤he八两,0,57
崩坏星穹铁道,bili_81533566404,0,181
崩坏星穹铁道,提莫牌绝缘体,0,58
崩坏星穹铁道,zlyhhh12,0,182
崩坏星穹铁道,y4983746,0,59
崩坏星穹铁道,多喝热水之多喝热水,0,183
崩坏星穹铁道,一个橙子333,0,60
崩坏星穹铁道,请让我中奖123,0,61
崩坏星穹铁道,恰绿色菜,0,184
崩坏星穹铁道,bili_687870566,0,62
崩坏星穹铁道,梦里鱼漂,0,185
崩坏星穹铁道,哈德曼的无意识,0,63
崩坏星穹铁道,论小脑的极限,0,64
崩坏星穹铁道,不爱学习的阿瞒,0,186
崩坏星穹铁道,Banecy,0,65
崩坏星穹铁道,bili_44747696952,0,187
崩坏星穹铁道,5天上的枪王8,0,66
崩坏星穹铁道,浮野慎平,0,67
崩坏星穹铁道,bili_42699655385,0,188
崩坏星穹铁道,宝藏男孩小黑,0,189
崩坏星穹铁道,寂寞斩时光,0,68
崩坏星穹铁道,猫九nice,0,69
崩坏星穹铁道,bili_35335785843,0,70
崩坏星穹铁道,糖吧啦吧啦芦,0,190
崩坏星穹铁道,bili_49957882207,0,191
崩坏星穹铁道,脱耐蒂腊,0,192
崩坏星穹铁道,爱摸鱼的绵绵冰,0,193
崩坏星穹铁道,bili_88549431768,0,194
崩坏星穹铁道,星空下的残胜,0,195
崩坏星穹铁道,请温柔一点哦,0,71
崩坏星穹铁道,海风藤规划,0,196
崩坏星穹铁道,bili_44258196394,0,72
崩坏星穹铁道,果断的一心,0,197
崩坏星穹铁道,bili_40009832908,0,198
崩坏星穹铁道,贰式里疾风,0,199
崩坏星穹铁道,无情百草园,0,200
崩坏星穹铁道,何田亭小同学,0,201
崩坏星穹铁道,不能失去自由,0,73
崩坏星穹铁道,明天继续导,0,74
崩坏星穹铁道,荟十四丶,0,202
崩坏星穹铁道,茶余朩朩,0,203
崩坏星穹铁道,久倾伽蓝,0,79
崩坏星穹铁道,深井冰97678,0,80
崩坏星穹铁道,星眷-Azagouc,0,81
崩坏星穹铁道,21世纪败家,0,82
崩坏星穹铁道,莱里疗养中心赫曼主任,0,75
崩坏星穹铁道,Andiyou88,0,76
崩坏星穹铁道,西兰花公社,0,77
崩坏星穹铁道,bili_80371298310,0,204
崩坏星穹铁道,一条普通的小余,0,83
崩坏星穹铁道,一只Mike,0,78
崩坏星穹铁道,命运的人,0,205
崩坏星穹铁道,听4534644,0,84
崩坏星穹铁道,久倾伽蓝,0,79
崩坏星穹铁道,深井冰97678,0,80
崩坏星穹铁道,星眷-Azagouc,0,81
崩坏星穹铁道,21世纪败家,0,82
崩坏星穹铁道,莱里疗养中心赫曼主任,0,75
崩坏星穹铁道,Andiyou88,0,76
崩坏星穹铁道,西兰花公社,0,77
崩坏星穹铁道,bili_80371298310,0,204
崩坏星穹铁道,一条普通的小余,0,83
崩坏星穹铁道,一只Mike,0,78
崩坏星穹铁道,命运的人,0,205
崩坏星穹铁道,听4534644,0,84
崩坏星穹铁道,喵喵いaw,0,85
崩坏星穹铁道,bili_11629320185,0,206
崩坏星穹铁道,VaListzzY,0,86
崩坏星穹铁道,bili_92669227803,0,87
崩坏星穹铁道,陈程诺,0,88
崩坏星穹铁道,桃园奈奈子,0,207
崩坏星穹铁道,心碎野狗,0,208
崩坏星穹铁道,bili_66651119338,0,89
崩坏星穹铁道,Waiting-Moon,0,90
崩坏星穹铁道,婉鸳蝶,0,91
崩坏星穹铁道,bili_237941575,0,92
崩坏星穹铁道,信浓能代,0,209
崩坏星穹铁道,bili_46462445620,0,210
崩坏星穹铁道,苍冥之下,0,93
崩坏星穹铁道,怎么又改我名,0,211
崩坏星穹铁道,-_冷风_-,0,212
崩坏星穹铁道,留给月月,0,94
崩坏星穹铁道,bili_32639787235,0,213
崩坏星穹铁道,仙渡233,0,95
崩坏星穹铁道,CnaYca,0,96
崩坏星穹铁道,璃月巷第一深情,0,97
崩坏星穹铁道,马尔济斯06星球,0,98
崩坏星穹铁道,bili_22674790445,0,99
崩坏星穹铁道,没有味道的水果糖,0,214
崩坏星穹铁道,-Nahida-,0,215
崩坏星穹铁道,情字怎解无思量,0,216
崩坏星穹铁道,LvsenkuVerm,0,217
崩坏星穹铁道,TUZXX,0,218
崩坏星穹铁道,佘511,0,219
崩坏星穹铁道,小熙雅藕,0,220
崩坏星穹铁道,典明好粥道霓虹区代理,0,221
崩坏星穹铁道,酒花瑠璃,0,222
崩坏星穹铁道,bili_24718664473,0,223
崩坏星穹铁道,念琳的鱼,0,224
崩坏星穹铁道,qiip酱,0,225
崩坏星穹铁道,梅子冻干,0,226
崩坏星穹铁道,日月安属_,0,227
崩坏星穹铁道,刘筱筱l,0,228
崩坏星穹铁道,刘筱筱l,0,228
崩坏星穹铁道,bili_65411772661,0,229
崩坏星穹铁道,奶块林白-无尽,0,230
崩坏星穹铁道,__Aimer,0,231
崩坏星穹铁道,老瓜佩奇,0,232
崩坏星穹铁道,QG凶,0,233
崩坏星穹铁道,bili_29099199856,0,234
崩坏星穹铁道,咖喱猫呱呱叫,0,235
崩坏星穹铁道,阔野天佳,0,236
崩坏星穹铁道,bili_28345628790,0,237
崩坏星穹铁道,澄心陵光,0,238
崩坏星穹铁道,金色の小浪花,0,239
崩坏星穹铁道,bili_58066124589,0,240
崩坏星穹铁道,WWWW希,0,241
崩坏星穹铁道,卡卡逗鬼,0,242
崩坏星穹铁道,宅宅Sir,0,243
崩坏星穹铁道,雨沐轩窗月笼沙,0,244
崩坏星穹铁道,战凤飞飞,0,245
崩坏星穹铁道,名字等停谷时再改吧,0,246
崩坏星穹铁道,bili_35445564909,0,247
崩坏星穹铁道,_トランセンド,0,248
崩坏星穹铁道,D--Ace,0,249
崩坏星穹铁道,_晓同学,0,250
崩坏星穹铁道,小墩兽,0,251
崩坏星穹铁道,疏疏六月凉,0,252
崩坏星穹铁道,小沈木木白,0,253
崩坏星穹铁道,bili_62830152646,0,254
崩坏星穹铁道,鸩殃,0,255
崩坏星穹铁道,犹如幻yi_,0,256
崩坏星穹铁道,爱吃零食的啵崽,0,257
崩坏星穹铁道,bili_40722114824,0,258
崩坏星穹铁道,Leonemodamage,0,259
崩坏星穹铁道,小学生乛,0,260
崩坏星穹铁道,冰糖雪梨炖茉莉,0,261
崩坏星穹铁道,江淹夢筆,0,262
崩坏星穹铁道,余刻,0,263
崩坏星穹铁道,月璃Moonri,0,264
崩坏星穹铁道,星河弥想,0,265
崩坏星穹铁道,高一能干饭,0,266
崩坏星穹铁道,希望第五越来越好,0,267
崩坏星穹铁道,蜡烛无言,0,268
崩坏星穹铁道,柠檬Lemon丷S,0,269
崩坏星穹铁道,沢渡雫snow,0,270
崩坏星穹铁道,勇气就是真正的魔法,0,271
崩坏星穹铁道,starryie繁星,0,272
崩坏星穹铁道,-玖玖玖-_-,0,273
崩坏星穹铁道,bili_63409473282,0,274
崩坏星穹铁道,暮光aas,0,275
崩坏星穹铁道,bili_32196442317,0,276
崩坏星穹铁道,如果我宅,0,277
崩坏星穹铁道,疯狂动物成-,0,278
崩坏星穹铁道,bili_82604775230,0,279
崩坏星穹铁道,无心の法师,0,280
崩坏星穹铁道,失智ing--,0,281
崩坏星穹铁道,我只是路过的士道,0,282
崩坏星穹铁道,凡羽羽,0,283
崩坏星穹铁道,Linnnnnkx,0,284
崩坏星穹铁道,快乐老班,0,285
崩坏星穹铁道,江湖人称DDS,0,286
崩坏星穹铁道,水月镜花-Tcly,0,287
崩坏星穹铁道,Li__-_-,0,288
崩坏星穹铁道,办法的口袋,0,289
崩坏星穹铁道,彼女の名前は然,0,290
崩坏星穹铁道,想不出名字f,0,291
崩坏星穹铁道,bili_61638671799,0,292
崩坏星穹铁道,何加鄢,0,293
崩坏星穹铁道,_Logic_-,0,294
崩坏星穹铁道,您的節操余额不足,0,295
崩坏星穹铁道,是老张哒,0,296
崩坏星穹铁道,安慕希哎,0,297
崩坏星穹铁道,雨惊人未醒,0,298
崩坏星穹铁道,黄昏见证虔诚的信仰,0,299
崩坏星穹铁道,黑與白的灰,0,300
崩坏星穹铁道,LZXwdgsrhdhv,0,301
崩坏星穹铁道,地球明明是方的,0,302
崩坏星穹铁道,bili_35739636080,0,303
崩坏星穹铁道,你猜我哪位呀,0,304
崩坏星穹铁道,不爱吃水果的Rr,0,305
崩坏星穹铁道,H超Zzz,0,306
崩坏星穹铁道,bili_60931825188,0,307
崩坏星穹铁道,乐郑乐铭mao,0,308
崩坏星穹铁道,大平洋还是太西洋,0,309
崩坏星穹铁道,o十七也o拉黑我嫑脸,0,310
崩坏星穹铁道,小檗吃笋,0,311
崩坏星穹铁道,bili_29307011606,0,312
崩坏星穹铁道,lilinbi001,0,313
崩坏星穹铁道,你是真的6阿弟弟,0,314
崩坏星穹铁道,bili_39200201698,0,315
崩坏星穹铁道,3笠玖,0,316
崩坏星穹铁道,bili_68420969827,0,317
崩坏星穹铁道,bili_69434507570,0,318
崩坏星穹铁道,单纯的冰夜,0,319
崩坏星穹铁道,小埋之家,0,320
崩坏星穹铁道,bili_63790437252,0,321
崩坏星穹铁道,江壶九品糕手M,0,322
崩坏星穹铁道,bili_52980317882,0,323
崩坏星穹铁道,烨旋,0,324
崩坏星穹铁道,吃香菇的水岛寒月,0,325
崩坏星穹铁道,谢谢_你也很好,0,326
崩坏星穹铁道,LZZL42,0,327
崩坏星穹铁道,义夕那年,0,328
崩坏星穹铁道,Abio_19,0,329
崩坏星穹铁道,bili_11067151378,0,330
崩坏星穹铁道,黄0708,0,331
崩坏星穹铁道,龞?屮,0,332
崩坏星穹铁道,紅魂,0,333
崩坏星穹铁道,兜兜qwqana,0,334
崩坏星穹铁道,ydb5033zsj,0,335
崩坏星穹铁道,落英得武帝,0,336
崩坏星穹铁道,42461419670_bili,0,337
崩坏星穹铁道,焄魘,0,338
崩坏星穹铁道,叶轻鞘,0,339
崩坏星穹铁道,不为反甲低头,0,340
崩坏星穹铁道,bili_97640494799,0,341
崩坏星穹铁道,萨瓦二号,0,342
崩坏星穹铁道,喜欢上你侠客行,0,343
崩坏星穹铁道,枫缘枫羽,0,344
崩坏星穹铁道,bili_75198953353,0,345
崩坏星穹铁道,汐焰_Karashio,0,346
崩坏星穹铁道,bili_27748663296,0,347
崩坏星穹铁道,遁出红尘__,0,348
崩坏星穹铁道,MetaB_,0,349
崩坏星穹铁道,-我是废物-,0,350
崩坏星穹铁道,想成为露露的狗,0,351
崩坏星穹铁道,改名字花了6块大洋,0,352
崩坏星穹铁道,望月玖辞,0,353
崩坏星穹铁道,万仙幻镜,0,354
崩坏星穹铁道,孤独的狼王3,0,355
崩坏星穹铁道,深山踏红尘,0,356
崩坏星穹铁道,苏苏凉QAQ,0,357
崩坏星穹铁道,bili_20667259058,0,358
崩坏星穹铁道,高质量非人类,0,359
崩坏星穹铁道,齿鱼骨头,0,360
崩坏星穹铁道,唐逸晨之晨,0,361
崩坏星穹铁道,bili_98753755890,0,362
崩坏星穹铁道,Funina-Fucaros,0,363
崩坏星穹铁道,boneVI,0,364
崩坏星穹铁道,bili_27092506458,0,365
崩坏星穹铁道,凯欧大陆,0,366
崩坏星穹铁道,bili_84268674702,0,367
崩坏星穹铁道,我是蝗上,0,368
崩坏星穹铁道,bili_59335990524,0,369
崩坏星穹铁道,bili_51840442601,0,370
崩坏星穹铁道,#NAME?,0,371
崩坏星穹铁道,bili_88345368250,0,372
崩坏星穹铁道,bili_61875734301,0,373
崩坏星穹铁道,夜_楓,0,374
崩坏星穹铁道,煜鸯er,0,375
崩坏星穹铁道,bili_56640241048,0,376
崩坏星穹铁道,涵fffc,0,377
崩坏星穹铁道,淡-蓝-色,0,378
崩坏星穹铁道,这是一个冷酷的ID,0,379
崩坏星穹铁道,eijshfiekw,0,380
崩坏星穹铁道,晓之介,0,381
崩坏星穹铁道,妇科圣手阿千,0,382
崩坏星穹铁道,实木然,0,383
崩坏星穹铁道,温之安,0,384
崩坏星穹铁道,狼山烈火照单于,0,385
嗯这糖可真甜,给你一颗糖好了,1,386
新西兰鲨鱼,creeper_how_NB,2,387
白小虾是只咕咕,济南孔师傅,3,388
老师爸,溺水小鱼国风,4,389
衫芝泷穆,可哒鸭吖_-,5,390
变身老幺,弱长风,6,391
淡墨mou,杨不是狐小仙,7,392
bili_25445404255,萌纳土豆,8,393
只要相信即存在,初恋柾国1997,9,394
冬日北极,NIC______E,10,395
bili_71127153569,夕颜泪痕757b6,11,396
欣枝,我是黄泉小姐的修狗汪,12,397
dudhrrooa,弱不禁风兽人控,13,398
咸鱼很蓝,揽尽风月o,14,399
林中无霁,粉丝名称,15,400
落魂归蒙,巴别塔的恶0,16,401
实惠汉堡,天仙秦叮咚,17,402
fxfcqoksp,权权VVV,18,403
流辉金,WH豁免冰,19,404
叶未鸯,古月林夕雨夜,20,405
我眼睛不干,yangzhangshao,21,406
小不溜冻,左静娴,22,407
bili_14553512154,黄蓝火,23,408
邶之,bili_60584726504,24,409
bili_29534278622,金坷垃霹雳,25,410
PlushToast,bili_2016625566,26,411
宵宫的锦鲤,悲伤的大肠886,27,412
阿萨姆流萤茶,翟帅1942,28,413
美女你谁zz,中国赤子心,29,414
40401450445,大收藏家团子队长,30,415
大wewewe,m145569,31,416
bili_13971632864,bili_88802707903,32,417
我的学校丧心病狂,五桠果呀,33,418
麦芽长大了,白衣未拾_白衣,34,419
bili_34439002974,bili_60584726504,35,409
符玄接口,金坷垃霹雳,36,410
Arrive颖,五桠果呀,37,418
白曦-辰,白衣未拾_白衣,38,419
三生暮雨渡潇潇66,听临ovo,39,420
bili_52340636713,地狱嘶吼,40,421
哥的连帽衫,88827_晓溯丶,41,422
小小崩酱,图图好可爱_,42,423
bili_41642786951,宛飞令月,43,424
不止于辅助,喜丝既控,44,425
修孤独谈寂寞,俊呈的山楂味冰可乐,45,426
啥情况吗吗,宵待百合,46,427
懿思绪-,有人打麻将吗,47,428
特工_,弫不戳,48,429
完了吗3,云夜醉清风,49,430
bili_10195894755,27摄氏度的临,50,431
想被浪漫溺死,紫薯味派大星,51,432
暗区de小菜,我想爆炒雷神,52,433
Zechariah--,心照望川,53,434
压缩蛋糕,coolphr,54,435
bili_35814187847,俊呈的山楂味冰可乐,55,426
温莎碧安德,宵待百合,56,427
_半斤he八两,有人打麻将吗,57,428
提莫牌绝缘体,弫不戳,58,429
y4983746,云夜醉清风,59,430
一个橙子333,bili_71839341335,60,436
请让我中奖123,随风行の,61,437
bili_687870566,嫦娥的小兔子2pv,62,438
哈德曼的无意识,绯色恶魔,63,439
论小脑的极限,-秋-词-,64,440
Banecy,爱玩原神の魔怔哥,65,441
5天上的枪王8,日常失踪的初生,66,442
浮野慎平,昔日阳炎,67,443
寂寞斩时光,清风携伊人,68,444
猫九nice,Wh1t3N1n39,69,445
bili_35335785843,祈酱ouo,70,446
请温柔一点哦,喷火龙漫剪,71,447
bili_44258196394,凌咲枫,72,448
不能失去自由,森屿麋鹿屮,73,449
明天继续导,想见刀你,74,450
莱里疗养中心赫曼主任,书袭人,75,451
Andiyou88,连呼吸都在痛,76,452
西兰花公社,彼样的,77,453
一只Mike,雪糕睡衣,78,454
久倾伽蓝,半夏琉璃空z750,79,455
深井冰97678,銀ii,80,456
星眷-Azagouc,档亲奈小洛洛,81,457
21世纪败家,Chasing-The-Star,82,458
莱里疗养中心赫曼主任,神木三叶,75,459
Andiyou88,小楉熙熙,76,460
西兰花公社,KamisakaBi,77,461
一条普通的小余,法森堡共和国,83,462
听4534644,#NAME?,84,371
喵喵いaw,折原臨也drrr,85,463
VaListzzY,书袭人,86,451
bili_92669227803,连呼吸都在痛,87,452
陈程诺,折原臨也drrr,88,463
bili_66651119338,不会玩奶块,89,464
Waiting-Moon,快乐D小可爱,90,465
婉鸳蝶,sxxxJelly,91,466
bili_237941575,48251902856_bili,92,467
苍冥之下,陈平安道友t,93,468
留给月月,离?,94,469
仙渡233,账号已注销,95,470
CnaYca,培根洒洒水,96,471
璃月巷第一深情,嘟嘟嘟钟离,97,472
马尔济斯06星球,时崎狂三QA1,98,473
bili_22674790445,山一程L,99,474
