用户,id,标题链接,头像,个性签名
崩坏星穹铁道,0,https://space.bilibili.com/1340190821,https://i2.hdslb.com/bfs/face/57b6e8c16b909a49bfc8d8394d946f908cabe728.jpg@240w_240h_1c_1s_!web-avatar-space-header.avif,愿此行，终抵群星。
嗯这糖可真甜,1,https://space.bilibili.com/652515127/,https://i1.hdslb.com/bfs/face/94feb96238280255dfdf36dc9b6c7ebaaf1e59b8.jpg@96w_96h_1c_1s_!web-avatar-space-list.avif,这个人没有填简介啊~~~
新西兰鲨鱼,2,https://space.bilibili.com/496201153/,https://i1.hdslb.com/bfs/face/3316886c2dceb39dcb05240da645ae6394a843ea.jpg@96w_96h_1c_1s_!web-avatar-space-list.avif,这个人没有填简介啊~~~
白小虾是只咕咕,3,https://space.bilibili.com/319496531/,https://i2.hdslb.com/bfs/face/c85f7a118aed87d934d466f5936bccfb4ef2c401.jpg@96w_96h_1c_1s_!web-avatar-space-list.avif,Whitty的死忠粉，玩fnf，技术十分的菜
老师爸,4,https://space.bilibili.com/3493139878775598/,https://i0.hdslb.com/bfs/face/44a1aaf3798c324d2d8817dcb674ca019facbad0.jpg@96w_96h_1c_1s_!web-avatar-space-list.avif,这个人没有填简介啊~~~
衫芝泷穆,5,https://space.bilibili.com/632304794/,https://i0.hdslb.com/bfs/face/member/noface.jpg@96w_96h_1c_1s_!web-avatar-space-list.avif,这个人没有填简介啊~~~
变身老幺,6,https://space.bilibili.com/3051715/,https://i1.hdslb.com/bfs/face/8741763d2952d752d1a1ff154a06967faf5c7269.jpg@96w_96h_1c_1s_!web-avatar-space-list.avif,翌夏看客
淡墨mou,7,https://space.bilibili.com/1773131692/,https://i1.hdslb.com/bfs/face/3e0fe81e7429aaf4f17b4a2c5498a395c0a89aed.jpg@96w_96h_1c_1s_!web-avatar-space-list.avif,这个人没有填简介啊~~~
bili_25445404255,8,https://space.bilibili.com/3546675410897154/,https://i0.hdslb.com/bfs/face/9b2fecddd8dcd8dcc0a22dcc2211d1852b4e8f78.jpg@96w_96h_1c_1s_!web-avatar-space-list.avif,这个人没有填简介啊~~~
只要相信即存在,9,https://space.bilibili.com/1239148629/,https://i0.hdslb.com/bfs/face/759eb82b633acadc7a2bce7fab1ce7bec68ece1f.jpg@96w_96h_1c_1s_!web-avatar-space-list.avif,有人陪我玩吗
冬日北极,10,https://space.bilibili.com/592208640/,https://i0.hdslb.com/bfs/face/7e72c58637ff26df68fb30939de078d2bbbfcdbe.jpg@96w_96h_1c_1s_!web-avatar-space-list.avif,这个人没有填简介啊~~~
bili_71127153569,11,https://space.bilibili.com/3546703776975282/,https://i0.hdslb.com/bfs/face/member/noface.jpg@96w_96h_1c_1s_!web-avatar-space-list.avif,这个人没有填简介啊~~~
欣枝,12,https://space.bilibili.com/1408140467/,https://i2.hdslb.com/bfs/face/530489a691d4fc4c9e7d14c6022c34ac1a0e31de.jpg@96w_96h_1c_1s_!web-avatar-space-list.avif,这个人没有填简介啊~~~
dudhrrooa,13,https://space.bilibili.com/3493291219749299/,https://i2.hdslb.com/bfs/face/fb79103e8b33547023e2010030b6889bba2b49bf.jpg@96w_96h_1c_1s_!web-avatar-space-list.avif,这个人没有填简介啊~~~
咸鱼很蓝,14,https://space.bilibili.com/2073794435/,https://i2.hdslb.com/bfs/face/e2ddc2275df94af1cebf7028aa1bdc1bb30e78f4.jpg@96w_96h_1c_1s_!web-avatar-space-list.avif,你认识一头会飞的老公羊吗？
林中无霁,15,https://space.bilibili.com/518343093/,https://i0.hdslb.com/bfs/face/43c112e4d6efb7174c1d1087c002f958fd5fa41c.jpg@96w_96h_1c_1s_!web-avatar-space-list.avif,这个人没有填简介啊~~~
落魂归蒙,16,https://space.bilibili.com/3546601901525090/,https://i2.hdslb.com/bfs/face/a0ba0e2f5c1e6e0e59ec53311a0fcaca3682fc4d.jpg@96w_96h_1c_1s_!web-avatar-space-list.avif,这个人没有填简介啊~~~
实惠汉堡,17,https://space.bilibili.com/3546699570088195/,https://i1.hdslb.com/bfs/face/5e3dbba4a15f4fbba6772efaafd933979ba0bf52.jpg@96w_96h_1c_1s_!web-avatar-space-list.avif,这个人没有填简介啊~~~
fxfcqoksp,18,https://space.bilibili.com/457819278/,https://i0.hdslb.com/bfs/face/member/noface.jpg@96w_96h_1c_1s_!web-avatar-space-list.avif,这个人没有填简介啊~~~
流辉金,19,https://space.bilibili.com/1409366463/,https://i0.hdslb.com/bfs/face/c31c531d896be80642d50fa547c39906a7c60785.jpg@96w_96h_1c_1s_!web-avatar-space-list.avif,这个人没有填简介啊~~~
叶未鸯,20,https://space.bilibili.com/3493256417512293/,https://i0.hdslb.com/bfs/face/member/noface.jpg@96w_96h_1c_1s_!web-avatar-space-list.avif,这个人没有填简介啊~~~
我眼睛不干,21,https://space.bilibili.com/450660033/,https://i0.hdslb.com/bfs/face/3c69d4479fc41308ed1a3671ba53ba59dbcd9fa0.jpg@96w_96h_1c_1s_!web-avatar-space-list.avif,这个人没有填简介啊~~~
小不溜冻,22,https://space.bilibili.com/1874039934/,https://i0.hdslb.com/bfs/face/9c18dbeed63d63a392dd0eb0ece848d8ae3f9f81.jpg@96w_96h_1c_1s_!web-avatar-space-list.avif,这个人没有填简介啊~~~
bili_14553512154,23,https://space.bilibili.com/1730718527/,https://i0.hdslb.com/bfs/face/member/noface.jpg@96w_96h_1c_1s_!web-avatar-space-list.avif,这个人没有填简介啊~~~
邶之,24,https://space.bilibili.com/609237768/,https://i0.hdslb.com/bfs/face/a8a038c39303e5b3b67ef0c18950460ce1d2e476.jpg@96w_96h_1c_1s_!web-avatar-space-list.avif,这个人没有填简介啊~~~
bili_29534278622,25,https://space.bilibili.com/678353464/,https://i1.hdslb.com/bfs/face/e16ea3ec162c41da785401cac13e2d88089d7aad.jpg@96w_96h_1c_1s_!web-avatar-space-list.avif,这个人没有填简介啊~~~
PlushToast,26,https://space.bilibili.com/1542466798/,https://i1.hdslb.com/bfs/face/09b82bb06ef22d61c8cf9e7106e275a1c1b79463.jpg@96w_96h_1c_1s_!web-avatar-space-list.avif,Hi
宵宫的锦鲤,27,https://space.bilibili.com/3494364936407241/,https://i0.hdslb.com/bfs/face/dac9b03d1e16230656cfe04f18e478a5535d9b9c.jpg@96w_96h_1c_1s_!web-avatar-space-list.avif,这个人没有填简介啊~~~
阿萨姆流萤茶,28,https://space.bilibili.com/1090151241/,https://i0.hdslb.com/bfs/face/2091087db36e076bcd9cd7bf3ee947ee9118eba4.jpg@96w_96h_1c_1s_!web-avatar-space-list.avif,这个人没有填简介啊~~~
美女你谁zz,29,https://space.bilibili.com/485536280/,https://i2.hdslb.com/bfs/face/21d0ea76f1306b945b9c3212a47521625a0a9eac.jpg@96w_96h_1c_1s_!web-avatar-space-list.avif,Hi ！
40401450445,30,https://space.bilibili.com/1771451793/,https://i0.hdslb.com/bfs/face/member/noface.jpg@96w_96h_1c_1s_!web-avatar-space-list.avif,这个人没有填简介啊~~~
大wewewe,31,https://space.bilibili.com/425469396/,https://i0.hdslb.com/bfs/face/3d755eb40de8e0f2c50ed3efb1b16e28af252f3f.jpg@96w_96h_1c_1s_!web-avatar-space-list.avif,11年漫龄的老漫迷
bili_13971632864,32,https://space.bilibili.com/3494377938749491/,https://i0.hdslb.com/bfs/face/member/noface.jpg@96w_96h_1c_1s_!web-avatar-space-list.avif,这个人没有填简介啊~~~
我的学校丧心病狂,33,https://space.bilibili.com/3546634061351257/,https://i0.hdslb.com/bfs/face/member/noface.jpg@96w_96h_1c_1s_!web-avatar-space-list.avif,这个人没有填简介啊~~~
麦芽长大了,34,https://space.bilibili.com/661677687/,https://i0.hdslb.com/bfs/face/b39abb780f0de24bd8c1c7d43ca5b9007c0c23dc.jpg@96w_96h_1c_1s_!web-avatar-space-list.avif,这个人没有填简介啊~~~
bili_34439002974,35,https://space.bilibili.com/1978137809/,https://i2.hdslb.com/bfs/face/493b7131fc6505ffc819de97d14c85431973f33f.jpg@96w_96h_1c_1s_!web-avatar-space-list.avif,这个人没有填简介啊~~~
符玄接口,36,https://space.bilibili.com/3546694333499672/,https://i2.hdslb.com/bfs/face/c225dc27d2a9e1562544ff20af03d88734990284.jpg@96w_96h_1c_1s_!web-avatar-space-list.avif,这个人没有填简介啊~~~
Arrive颖,37,https://space.bilibili.com/3493111491725796/,https://i0.hdslb.com/bfs/face/459e01b60d0234b716c8804d5a4ed9a932c18ffc.jpg@96w_96h_1c_1s_!web-avatar-space-list.avif,这个人没有填简介啊~~~
白曦-辰,38,https://space.bilibili.com/1814740699/,https://i1.hdslb.com/bfs/face/568a750ebfeca829507f54eeb7d65161d9f9cdca.jpg@96w_96h_1c_1s_!web-avatar-space-list.avif,这个人没有填简介啊~~~
三生暮雨渡潇潇66,39,https://space.bilibili.com/1195742221/,https://i0.hdslb.com/bfs/face/member/noface.jpg@96w_96h_1c_1s_!web-avatar-space-list.avif,这个人没有填简介啊~~~
bili_52340636713,40,https://space.bilibili.com/1150212619/,https://i1.hdslb.com/bfs/face/fb79103e8b33547023e2010030b6889bba2b49bf.jpg@96w_96h_1c_1s_!web-avatar-space-list.avif,这个人没有填简介啊~~~
哥的连帽衫,41,https://space.bilibili.com/1335044/,https://i2.hdslb.com/bfs/face/7ac9540d37b60a713fb412d4cff64ca5b4ab0cd4.jpg@96w_96h_1c_1s_!web-avatar-space-list.avif,这个人没有填简介啊~~~
小小崩酱,42,https://space.bilibili.com/3493094880184915/,https://i1.hdslb.com/bfs/face/57d32d30eb153dc489ecfbfb898dd125179e79fd.jpg@96w_96h_1c_1s_!web-avatar-space-list.avif,这个人没有填简介啊~~~
bili_41642786951,43,https://space.bilibili.com/3546707153389819/,https://i0.hdslb.com/bfs/face/member/noface.jpg@96w_96h_1c_1s_!web-avatar-space-list.avif,这个人没有填简介啊~~~
不止于辅助,44,https://space.bilibili.com/2064685492/,https://i1.hdslb.com/bfs/face/844a837ac0808bd7df1cd63b0010a7fdcd26bd4e.jpg@96w_96h_1c_1s_!web-avatar-space-list.avif,这个人没有填简介啊~~~
修孤独谈寂寞,45,https://space.bilibili.com/440164866/,https://i0.hdslb.com/bfs/face/434df1e3d64fae9844262a40b12bfb36cc351faf.jpg@96w_96h_1c_1s_!web-avatar-space-list.avif,混吃等死
啥情况吗吗,46,https://space.bilibili.com/1654234386/,https://i0.hdslb.com/bfs/face/member/noface.jpg@96w_96h_1c_1s_!web-avatar-space-list.avif,这个人没有填简介啊~~~
懿思绪-,47,https://space.bilibili.com/1168422749/,https://i2.hdslb.com/bfs/face/58fa3fb902d833356026e613ee990e1a7507afc1.jpg@96w_96h_1c_1s_!web-avatar-space-list.avif,这个人没有填简介啊~~~
特工_,48,https://space.bilibili.com/407529260/,https://i2.hdslb.com/bfs/face/0195d88425bf2ecd5bf2ee438ab64d64a3bc66f2.jpg@96w_96h_1c_1s_!web-avatar-space-list.avif,这个人没有填简介啊~~~
完了吗3,49,https://space.bilibili.com/287574038/,https://i2.hdslb.com/bfs/face/abdeadd0e8fd48f475d70a44e00b4b20dcd1c2da.jpg@96w_96h_1c_1s_!web-avatar-space-list.avif,这个人没有填简介啊~~~
bili_10195894755,50,https://space.bilibili.com/1979609150/,https://i0.hdslb.com/bfs/face/member/noface.jpg@96w_96h_1c_1s_!web-avatar-space-list.avif,这个人没有填简介啊~~~
想被浪漫溺死,51,https://space.bilibili.com/637874806/,https://i1.hdslb.com/bfs/face/f876938cf4490abd44243b06b8077852f1b72dca.jpg@96w_96h_1c_1s_!web-avatar-space-list.avif,关我屁事
暗区de小菜,52,https://space.bilibili.com/3493125592976097/,https://i0.hdslb.com/bfs/face/12825eb7ddc5c89464cbcdbcb2f75a0d93e64788.jpg@96w_96h_1c_1s_!web-avatar-space-list.avif,这个人没有填简介啊~~~
Zechariah--,53,https://space.bilibili.com/1448249252/,https://i0.hdslb.com/bfs/face/member/noface.jpg@96w_96h_1c_1s_!web-avatar-space-list.avif,这个人没有填简介啊~~~
压缩蛋糕,54,https://space.bilibili.com/1048064912/,https://i2.hdslb.com/bfs/face/663bd6e3e3b10de620b77b6b11f188eeec4aec1c.jpg@96w_96h_1c_1s_!web-avatar-space-list.avif,呵呵
bili_35814187847,55,https://space.bilibili.com/1409014163/,https://i0.hdslb.com/bfs/face/member/noface.jpg@96w_96h_1c_1s_!web-avatar-space-list.avif,这个人没有填简介啊~~~
温莎碧安德,56,https://space.bilibili.com/309416141/,https://i2.hdslb.com/bfs/face/2a97c9ab8d6d1c9eb86d806e4dca630ff9633ffc.jpg@96w_96h_1c_1s_!web-avatar-space-list.avif,这个人没有填简介啊~~~
_半斤he八两,57,https://space.bilibili.com/1793449551/,https://i0.hdslb.com/bfs/face/4c7aec0968cf44eec4d56ae86133c6d154e65232.jpg@96w_96h_1c_1s_!web-avatar-space-list.avif,这个人没有填简介啊~~~
提莫牌绝缘体,58,https://space.bilibili.com/442480348/,https://i1.hdslb.com/bfs/face/a91db407167674e0cad5efa96c99428a489510ba.jpg@96w_96h_1c_1s_!web-avatar-space-list.avif,这个人没有填简介啊~~~
y4983746,59,https://space.bilibili.com/1213938543/,https://i0.hdslb.com/bfs/face/7f91ceb9729d308b52ce65c45f4e3f64e60e02cd.jpg@96w_96h_1c_1s_!web-avatar-space-list.avif,这个人没有填简介啊~~~
一个橙子333,60,https://space.bilibili.com/1376948612/,https://i2.hdslb.com/bfs/face/bb7e6d5571555843d03a5a4331d70bafe0bb35a2.jpg@96w_96h_1c_1s_!web-avatar-space-list.avif,这个人没有填简介啊~~~
请让我中奖123,61,https://space.bilibili.com/539495646/,https://i0.hdslb.com/bfs/face/347031846425b64c0d421e634e3e796c8ee5d440.jpg@96w_96h_1c_1s_!web-avatar-space-list.avif,这个人没有填简介啊~~~
bili_687870566,62,https://space.bilibili.com/687870566/,https://i2.hdslb.com/bfs/face/4e90ef370b7af153f66077a321e37f7be4dfa991.jpg@96w_96h_1c_1s_!web-avatar-space-list.avif,这个人没有填简介啊~~~
哈德曼的无意识,63,https://space.bilibili.com/391942691/,https://i2.hdslb.com/bfs/face/9dc415a079dcf33aebc77a51b34933ec0b352794.jpg@96w_96h_1c_1s_!web-avatar-space-list.avif,CQ
论小脑的极限,64,https://space.bilibili.com/497453026/,https://i1.hdslb.com/bfs/face/6e24dc3929c0f4a2982277068cc76d12b0e0f4c6.jpg@96w_96h_1c_1s_!web-avatar-space-list.avif,这个人没有填简介啊~~~
Banecy,65,https://space.bilibili.com/3494360161192029/,https://i0.hdslb.com/bfs/face/acb0742bde8d454130163db1f081673cdcdc38b6.jpg@96w_96h_1c_1s_!web-avatar-space-list.avif,这个人没有填简介啊~~~
5天上的枪王8,66,https://space.bilibili.com/3493106364189507/,https://i0.hdslb.com/bfs/face/15b5791a93f99f73b7fa02e0fb56c203af5356f9.jpg@96w_96h_1c_1s_!web-avatar-space-list.avif,这只是我玩游戏用的号，正号叫5天上的枪王8。
浮野慎平,67,https://space.bilibili.com/3546654911236216/,https://i1.hdslb.com/bfs/face/49bd51e235cc714cffee936ddd070340e0d6a641.jpg@96w_96h_1c_1s_!web-avatar-space-list.avif,这个人没有填简介啊~~~
寂寞斩时光,68,https://space.bilibili.com/1621931568/,https://i0.hdslb.com/bfs/face/ac5d173727ba7ee081fa4007bb9c276313550d83.jpg@96w_96h_1c_1s_!web-avatar-space-list.avif,这个人没有填简介啊~~~
猫九nice,69,https://space.bilibili.com/24107670/,https://i0.hdslb.com/bfs/face/d31eb2e619ace449cb38df220cdb9709d55f9055.jpg@96w_96h_1c_1s_!web-avatar-space-list.avif,这个人没有填简介啊~~~
bili_35335785843,70,https://space.bilibili.com/501678571/,https://i0.hdslb.com/bfs/face/member/noface.jpg@96w_96h_1c_1s_!web-avatar-space-list.avif,这个人没有填简介啊~~~
请温柔一点哦,71,https://space.bilibili.com/1924345598/,https://i2.hdslb.com/bfs/face/43336da1200eae826603eb02014e1fd4f922bc0d.jpg@96w_96h_1c_1s_!web-avatar-space-list.avif,这个人没有填简介啊~~~
bili_44258196394,72,https://space.bilibili.com/3546387715197144/,https://i0.hdslb.com/bfs/face/member/noface.jpg@96w_96h_1c_1s_!web-avatar-space-list.avif,这个人没有填简介啊~~~
不能失去自由,73,https://space.bilibili.com/1097374396/,https://i1.hdslb.com/bfs/face/362d9ec3c9a64bc7aa072d1edba5df57c3db9aa8.jpg@96w_96h_1c_1s_!web-avatar-space-list.avif,这个人没有填简介啊~~~
明天继续导,74,https://space.bilibili.com/1379546650/,https://i1.hdslb.com/bfs/face/07a6c21c0f6b8e80a5ce4ad557c68d5cc2c957d5.jpg@96w_96h_1c_1s_!web-avatar-space-list.avif,是个活人
莱里疗养中心赫曼主任,75,https://space.bilibili.com/516963768/,https://i0.hdslb.com/bfs/face/0bdbc296e4c8224a895bb6a9939a9b484a29c629.jpg@96w_96h_1c_1s_!web-avatar-space-list.avif,"诶↗嘿↘嘿↗嘿↘嘿↗
混的圈子多的数不过来…………………………"
Andiyou88,76,https://space.bilibili.com/36726401/,https://i2.hdslb.com/bfs/face/f1aed3ba4788c94d06ce44b12364b3fd923bdd80.jpg@96w_96h_1c_1s_!web-avatar-space-list.avif,这个人没有填简介啊~~~
西兰花公社,77,https://space.bilibili.com/668204284/,https://i1.hdslb.com/bfs/face/8b7ee3acbcd40d95dd84c9fcc89cb901feb30066.jpg@96w_96h_1c_1s_!web-avatar-space-list.avif,西兰花只会画像素图
一只Mike,78,https://space.bilibili.com/4071623/,https://i2.hdslb.com/bfs/face/fb79103e8b33547023e2010030b6889bba2b49bf.jpg@96w_96h_1c_1s_!web-avatar-space-list.avif,这个人没有填简介啊~~~
久倾伽蓝,79,https://space.bilibili.com/1472590713/,https://i0.hdslb.com/bfs/face/bab9d13095fc1b7d254a44dc7d62dae98a6732e3.jpg@96w_96h_1c_1s_!web-avatar-space-list.avif,这个人没有填简介啊~~~
深井冰97678,80,https://space.bilibili.com/3546598432835923/,https://i0.hdslb.com/bfs/face/member/noface.jpg@96w_96h_1c_1s_!web-avatar-space-list.avif,这个人没有填简介啊~~~
星眷-Azagouc,81,https://space.bilibili.com/304484592/,https://i0.hdslb.com/bfs/face/cfc412b69a5d5374e436111500a0fb5e5d169012.jpg@96w_96h_1c_1s_!web-avatar-space-list.avif,这个人没有填简介啊~~~
21世纪败家,82,https://space.bilibili.com/3460753/,https://i0.hdslb.com/bfs/face/3c8742fd2d61b0b93a4947bb7c18face26671b90.jpg@96w_96h_1c_1s_!web-avatar-space-list.avif,社会的蛆虫，人渣的残屑
一条普通的小余,83,https://space.bilibili.com/3546661150263752/,https://i2.hdslb.com/bfs/face/a2bd0cb7bec1cff395c815603773640fec82407f.jpg@96w_96h_1c_1s_!web-avatar-space-list.avif,这个人没有填简介啊~~~
听4534644,84,https://space.bilibili.com/1123509013/,https://i0.hdslb.com/bfs/face/member/noface.jpg@96w_96h_1c_1s_!web-avatar-space-list.avif,这个人没有填简介啊~~~
喵喵いaw,85,https://space.bilibili.com/1046899381/,https://i1.hdslb.com/bfs/face/6bcda28498d3a2d932791819ddee05338908dc76.jpg@96w_96h_1c_1s_!web-avatar-space-list.avif,阿巴阿巴
VaListzzY,86,https://space.bilibili.com/38428522/,https://i1.hdslb.com/bfs/face/329c93a1f795827e685d0faef29f636c3252d1b0.jpg@96w_96h_1c_1s_!web-avatar-space-list.avif,这个人没有填简介啊~~~
bili_92669227803,87,https://space.bilibili.com/3546705507125626/,https://i0.hdslb.com/bfs/face/member/noface.jpg@96w_96h_1c_1s_!web-avatar-space-list.avif,这个人没有填简介啊~~~
陈程诺,88,https://space.bilibili.com/1068837073/,https://i1.hdslb.com/bfs/face/a2d2768d20ce9d7dafea62deef0af0cf475428eb.jpg@96w_96h_1c_1s_!web-avatar-space-list.avif,这个人没有填简介啊~~~
bili_66651119338,89,https://space.bilibili.com/3493144240851128/,https://i0.hdslb.com/bfs/face/member/noface.jpg@96w_96h_1c_1s_!web-avatar-space-list.avif,这个人没有填简介啊~~~
Waiting-Moon,90,https://space.bilibili.com/233596091/,https://i2.hdslb.com/bfs/face/d35f57a19811dc3e44d4f9971b6500f5aa2ec0f4.jpg@96w_96h_1c_1s_!web-avatar-space-list.avif,这个人没有填简介啊~~~
婉鸳蝶,91,https://space.bilibili.com/3493130095561061/,https://i2.hdslb.com/bfs/face/910818600ad794e6d1ef9ebec3fe1a28658603ed.jpg@96w_96h_1c_1s_!web-avatar-space-list.avif,这个人没有填简介啊~~~
bili_237941575,92,https://space.bilibili.com/237941575/,https://i1.hdslb.com/bfs/face/5980c5b831b8ccab5012277a921a6cdddf423bfb.jpg@96w_96h_1c_1s_!web-avatar-space-list.avif,这个人没有填简介啊~~~
苍冥之下,93,https://space.bilibili.com/38568765/,https://i0.hdslb.com/bfs/face/125f08341fe4ff42a565937fa7922629bcbccb4c.jpg@96w_96h_1c_1s_!web-avatar-space-list.avif,这个人没有填简介啊~~~
留给月月,94,https://space.bilibili.com/1771611253/,https://i1.hdslb.com/bfs/face/610e8a741d37b1d00ecb238edab5dd6a90e4b74e.jpg@96w_96h_1c_1s_!web-avatar-space-list.avif,这个人没有填简介啊~~~
仙渡233,95,https://space.bilibili.com/517016340/,https://i0.hdslb.com/bfs/face/ceeed52bce3d69da1b4e4ae7bb2b43d52439013d.jpg@96w_96h_1c_1s_!web-avatar-space-list.avif,这个人没有填简介啊~~~
CnaYca,96,https://space.bilibili.com/1982305806/,https://i0.hdslb.com/bfs/face/b98b91db718df05af9f237065cc9ee453b55ce11.jpg@96w_96h_1c_1s_!web-avatar-space-list.avif,这个人没有填简介啊~~~
璃月巷第一深情,97,https://space.bilibili.com/3546594330806966/,https://i2.hdslb.com/bfs/face/18d08a0201cb708be3d356862871ed2aee9eea4d.jpg@96w_96h_1c_1s_!web-avatar-space-list.avif,这个人没有填简介啊~~~
马尔济斯06星球,98,https://space.bilibili.com/1076218378/,https://i1.hdslb.com/bfs/face/b1bbad80cd60733e0bc1a29ecc68228ad3cfc41a.jpg@96w_96h_1c_1s_!web-avatar-space-list.avif,这个人没有填简介啊~~~
bili_22674790445,99,https://space.bilibili.com/3546655701863097/,https://i0.hdslb.com/bfs/face/member/noface.jpg@96w_96h_1c_1s_!web-avatar-space-list.avif,这个人没有填简介啊~~~
岩祓,100,https://space.bilibili.com/3493078216214788/,https://i1.hdslb.com/bfs/face/133eb56e359c27af4b7c57f64999c55d1118eab6.jpg@96w_96h_1c_1s_!web-avatar-space-list.avif,这个人没有填简介啊~~~
逢雪踏冬,101,https://space.bilibili.com/1856667424/,https://i1.hdslb.com/bfs/face/13add7056edaf42ca46f94c15de54d63a1162238.jpg@96w_96h_1c_1s_!web-avatar-space-list.avif,这个人没有填简介啊~~~
爱玩原神的翔,102,https://space.bilibili.com/1502898210/,https://i0.hdslb.com/bfs/face/member/noface.jpg@96w_96h_1c_1s_!web-avatar-space-list.avif,这个人没有填简介啊~~~
v哥看V步,103,https://space.bilibili.com/3546613393918545/,https://i0.hdslb.com/bfs/face/member/noface.jpg@96w_96h_1c_1s_!web-avatar-space-list.avif,这个人没有填简介啊~~~
bili_52909307928,104,https://space.bilibili.com/3493119502846781/,https://i0.hdslb.com/bfs/face/member/noface.jpg@96w_96h_1c_1s_!web-avatar-space-list.avif,这个人没有填简介啊~~~
6人头费拿手玫和,105,https://space.bilibili.com/597256383/,https://i0.hdslb.com/bfs/face/member/noface.jpg@96w_96h_1c_1s_!web-avatar-space-list.avif,这个人没有填简介啊~~~
拨开云间洒月光,106,https://space.bilibili.com/1854127435/,https://i1.hdslb.com/bfs/face/36c431a88b5d9e77d65fc72c7c7be73df0939579.jpg@96w_96h_1c_1s_!web-avatar-space-list.avif,这个人没有填简介啊~~~
怜生-wz,107,https://space.bilibili.com/1347758248/,https://i1.hdslb.com/bfs/face/92b69b50d982498b0d37331f38f0bb88ceee6961.jpg@96w_96h_1c_1s_!web-avatar-space-list.avif,这个人没有填简介啊~~~
爱吃糖的原碗,108,https://space.bilibili.com/1560255205/,https://i1.hdslb.com/bfs/face/914b3f23f3e4f02023ff9621a4c0844075715136.jpg@96w_96h_1c_1s_!web-avatar-space-list.avif,"僵设:天刊二爷
数据:3650(天刊)+3660(本体)
伤害:1260(解封前)6300(解封后)
速度0.55/2.2
攻击距离:150"
bili_84466337519,109,https://space.bilibili.com/3546621769943617/,https://i0.hdslb.com/bfs/face/member/noface.jpg@96w_96h_1c_1s_!web-avatar-space-list.avif,这个人没有填简介啊~~~
okqwetud,110,https://space.bilibili.com/3493257088600554/,https://i0.hdslb.com/bfs/face/member/noface.jpg@96w_96h_1c_1s_!web-avatar-space-list.avif,这个人没有填简介啊~~~
星绊555,111,https://space.bilibili.com/3546382275185089/,https://i0.hdslb.com/bfs/face/member/noface.jpg@96w_96h_1c_1s_!web-avatar-space-list.avif,这个人没有填简介啊~~~
炸图小能手2号,112,https://space.bilibili.com/1241734270/,https://i1.hdslb.com/bfs/face/01ff87976747afc956bef92d73abfb1ccc387479.jpg@96w_96h_1c_1s_!web-avatar-space-list.avif,这个人没有填简介啊~~~
可爱的琦羊羊,113,https://space.bilibili.com/3546618548717819/,https://i2.hdslb.com/bfs/face/4922ee99eec10fba5a850fc8373be227585190bc.jpg@96w_96h_1c_1s_!web-avatar-space-list.avif,琦羊羊
下楼是我的,114,https://space.bilibili.com/458229974/,https://i2.hdslb.com/bfs/face/618c2d56ca5f738b6bc3291a231e08f680e9a000.jpg@96w_96h_1c_1s_!web-avatar-space-list.avif,这个人没有填简介啊~~~
-忒君-,115,https://space.bilibili.com/495880984/,https://i1.hdslb.com/bfs/face/2bb9a860219e9066c873f28c35b008d543139330.jpg@96w_96h_1c_1s_!web-avatar-space-list.avif,"一个透明到不能再透明的严重社恐小画师
线上接稿：mhs：忒君"
Dr-伤月,116,https://space.bilibili.com/409552330/,https://i1.hdslb.com/bfs/face/d01365ab445d748e4d85086471e5605aaaed878f.jpg@96w_96h_1c_1s_!web-avatar-space-list.avif,Who are you?
瑞辛不是咖啡,117,https://space.bilibili.com/651341447/,https://i2.hdslb.com/bfs/face/e5d913767a8f4ce3f7fdb92afa4e56024b9bda82.jpg@96w_96h_1c_1s_!web-avatar-space-list.avif,这个人没有填简介啊~~~
bili_58082610345,118,https://space.bilibili.com/3493279314217702/,https://i0.hdslb.com/bfs/face/member/noface.jpg@96w_96h_1c_1s_!web-avatar-space-list.avif,这个人没有填简介啊~~~
killjhg,119,https://space.bilibili.com/3493114549373247/,https://i0.hdslb.com/bfs/face/5e91f95aa77cbc2db31e15c0d330126e35e7b48a.jpg@96w_96h_1c_1s_!web-avatar-space-list.avif,这个人没有填简介啊~~~
-林夕阳-,120,https://space.bilibili.com/629791779/,https://i0.hdslb.com/bfs/face/fbe81db1baeee2a0de156eb068995ef570307b96.jpg@96w_96h_1c_1s_!web-avatar-space-list.avif,不忘初心，方得始终
勇者如库,121,https://space.bilibili.com/1768510806/,https://i0.hdslb.com/bfs/face/a995f763446abbf95d41e01f7720657833715de9.jpg@96w_96h_1c_1s_!web-avatar-space-list.avif,这个人没有填简介啊~~~
戴章鱼的金皇冠,122,https://space.bilibili.com/360130012/,https://i1.hdslb.com/bfs/face/755550610249113f1c8bcb1f1fde4dac5188f86b.jpg@96w_96h_1c_1s_!web-avatar-space-list.avif,这个人没有填简介啊~~~
莫再徘徊,123,https://space.bilibili.com/686592301/,https://i1.hdslb.com/bfs/face/bf524930a5d578e195bb52d1b0bb1b0b09e4e4da.jpg@96w_96h_1c_1s_!web-avatar-space-list.avif,这个人没有填简介啊~~~
狐斋宫的诗歌,124,https://space.bilibili.com/2049945853/,https://i1.hdslb.com/bfs/face/2015281f6191b38e3fb43987968b6e8f9d259d0d.jpg@96w_96h_1c_1s_!web-avatar-space-list.avif,这个人没有填简介啊~~~
Zynisch,125,https://space.bilibili.com/28613401/,https://i1.hdslb.com/bfs/face/04d3da6be51773b38661ff433fd1df68176989b3.jpg@96w_96h_1c_1s_!web-avatar-space-list.avif,SEA
bili_82468331521,126,https://space.bilibili.com/1093722005/,https://i2.hdslb.com/bfs/face/ab88628e7fd16324b9f262803e269c69302fc4c2.jpg@96w_96h_1c_1s_!web-avatar-space-list.avif,这个人没有填简介啊~~~
希儿真是太可爱了-,127,https://space.bilibili.com/3537105366026918/,https://i0.hdslb.com/bfs/face/member/noface.jpg@96w_96h_1c_1s_!web-avatar-space-list.avif,这个人没有填简介啊~~~
洛依与星河,128,https://space.bilibili.com/1528876323/,https://i0.hdslb.com/bfs/face/6401d686ccc3b0d1a54a3d90760d731d3901d7bd.jpg@96w_96h_1c_1s_!web-avatar-space-list.avif,洛依--凹凸大赛参赛者(大赛第五)
bili_57812947345,129,https://space.bilibili.com/3494351661434912/,https://i0.hdslb.com/bfs/face/member/noface.jpg@96w_96h_1c_1s_!web-avatar-space-list.avif,这个人没有填简介啊~~~
乐颖白,130,https://space.bilibili.com/1138614225/,https://i0.hdslb.com/bfs/face/b9049f8a1f3ba3257e36d198bdcfe62505d0e725.jpg@96w_96h_1c_1s_!web-avatar-space-list.avif,It's never too late
建作,131,https://space.bilibili.com/174394935/,https://i0.hdslb.com/bfs/face/5260495b9c645629edaa1e7e4288cf2205f0597b.jpg@96w_96h_1c_1s_!web-avatar-space-list.avif,One more time
制冰用的冰箱,132,https://space.bilibili.com/418031314/,https://i1.hdslb.com/bfs/face/9f802f18043cb108e0eaf2c499764a5cf2a37f02.jpg@96w_96h_1c_1s_!web-avatar-space-list.avif,个性签名？没什么个性啊就不写了吧！
5who,133,https://space.bilibili.com/403539455/,https://i2.hdslb.com/bfs/face/27fa1aadd6ef149bd1d0c6200049f4cbf8f2b9df.jpg@96w_96h_1c_1s_!web-avatar-space-list.avif,这个人没有填简介啊~~~
浮世113,134,https://space.bilibili.com/483704219/,https://i2.hdslb.com/bfs/face/f9a4ff22cc27e95c5ce4f69524c4f50fac4e7316.jpg@96w_96h_1c_1s_!web-avatar-space-list.avif,这个人没有填简介啊~~~
bili_60078435296,135,https://space.bilibili.com/3546377734850668/,https://i0.hdslb.com/bfs/face/member/noface.jpg@96w_96h_1c_1s_!web-avatar-space-list.avif,这个人没有填简介啊~~~
bili_60649179071,136,https://space.bilibili.com/3494381042535097/,https://i0.hdslb.com/bfs/face/member/noface.jpg@96w_96h_1c_1s_!web-avatar-space-list.avif,这个人没有填简介啊~~~
心有千千愁,137,https://space.bilibili.com/3493110604630945/,https://i1.hdslb.com/bfs/face/6c2f5088b275e9781359115fd685d4debf4f2d55.jpg@96w_96h_1c_1s_!web-avatar-space-list.avif,……
一汪清泉_,138,https://space.bilibili.com/146556444/,https://i0.hdslb.com/bfs/face/4093382e667a9569e32be58a3b344f51651af08d.jpg@96w_96h_1c_1s_!web-avatar-space-list.avif,爱游戏
你的万同学,139,https://space.bilibili.com/1729279804/,https://i1.hdslb.com/bfs/face/f5e4eaae5d6386a971bef24385bd26cfc0047cc4.jpg@96w_96h_1c_1s_!web-avatar-space-list.avif,这个人没有填简介啊~~~
奶糖日記,140,https://space.bilibili.com/1692347322/,https://i0.hdslb.com/bfs/face/8a9496705368c00c9816020b07de1e7240df443d.jpg@96w_96h_1c_1s_!web-avatar-space-list.avif,这个人没有填简介啊~~~
bili_20021536257,141,https://space.bilibili.com/651845633/,https://i0.hdslb.com/bfs/face/member/noface.jpg@96w_96h_1c_1s_!web-avatar-space-list.avif,这个人没有填简介啊~~~
羽只维,142,https://space.bilibili.com/3493087424809437/,https://i0.hdslb.com/bfs/face/ad16e0e21fee248e03849063ff8e8304640384fc.jpg@96w_96h_1c_1s_!web-avatar-space-list.avif,这个人没有填简介啊~~~
bili_64799596444,143,https://space.bilibili.com/3546707006589396/,https://i0.hdslb.com/bfs/face/member/noface.jpg@96w_96h_1c_1s_!web-avatar-space-list.avif,这个人没有填简介啊~~~
阿伟爆了,144,https://space.bilibili.com/13143354/,https://i0.hdslb.com/bfs/face/822fa68d6472ebf032144420c920ed6810bcdf29.jpg@96w_96h_1c_1s_!web-avatar-space-list.avif,awbl
天地贯通之气,145,https://space.bilibili.com/670183780/,https://i1.hdslb.com/bfs/face/19e95de5283214457596c0b1f4af5d714c170c76.jpg@96w_96h_1c_1s_!web-avatar-space-list.avif,这个人没有填简介啊~~~
自许喑缘,146,https://space.bilibili.com/3494369430604009/,https://i1.hdslb.com/bfs/face/30b40c74d4690a582da48d78066592d0f52e0386.jpg@96w_96h_1c_1s_!web-avatar-space-list.avif,我宁愿去做他人剧情中的一个配角，这比成为一个主角要容易得多，更何况，剧本里总要有配角的，不是吗？
织田作qwq,147,https://space.bilibili.com/1886912298/,https://i0.hdslb.com/bfs/face/b07cc52661885e756d7a2a5d52cbe438e9f0bd83.jpg@96w_96h_1c_1s_!web-avatar-space-list.avif,这个人没有填简介啊~~~
_芙芙贴贴_,148,https://space.bilibili.com/3493088049760367/,https://i2.hdslb.com/bfs/face/1b06ea49b960df8fad76117cc88941f3bcd0967a.jpg@96w_96h_1c_1s_!web-avatar-space-list.avif,诶嘿
bili_95760817982,149,https://space.bilibili.com/1724731775/,https://i2.hdslb.com/bfs/face/20e39f80fb2386a1041e01489ee298b87afe84d4.jpg@96w_96h_1c_1s_!web-avatar-space-list.avif,这个人没有填简介啊~~~
你有情人我有劫,150,https://space.bilibili.com/98653588/,https://i1.hdslb.com/bfs/face/944ba2e3773d1dd5acc04a5b8a75679460d7e4ca.jpg@96w_96h_1c_1s_!web-avatar-space-list.avif,这个人没有填简介啊~~~
程十一__,151,https://space.bilibili.com/2115690997/,https://i1.hdslb.com/bfs/face/1be3d692d4c4c87a55150ea41250f9180bb09771.jpg@96w_96h_1c_1s_!web-avatar-space-list.avif,这个人没有填简介啊~~~
魉與,152,https://space.bilibili.com/1480823625/,https://i0.hdslb.com/bfs/face/784d1e34e4fe42832bd68c1b00ac99bc5537e047.jpg@96w_96h_1c_1s_!web-avatar-space-list.avif,这个人没有填简介啊~~~
茶呗,153,https://space.bilibili.com/23232107/,https://i2.hdslb.com/bfs/face/b2b5e718db48b0d730cba884ea9688dce35cc35b.jpg@96w_96h_1c_1s_!web-avatar-space-list.avif,哦呀~
心怀墨香,154,https://space.bilibili.com/1492382541/,https://i0.hdslb.com/bfs/face/fecd7dae4df07713ce7810273b663d20ea9fee20.jpg@96w_96h_1c_1s_!web-avatar-space-list.avif,这个人没有填简介啊~~~
潤羽_るしあ,155,https://space.bilibili.com/471497960/,https://i2.hdslb.com/bfs/face/887913c528c1993005c7377fee04cd8531a8e663.jpg@96w_96h_1c_1s_!web-avatar-space-list.avif,这个人没有填简介啊~~~
bili_20144284516,156,https://space.bilibili.com/3546575181711606/,https://i0.hdslb.com/bfs/face/member/noface.jpg@96w_96h_1c_1s_!web-avatar-space-list.avif,这个人没有填简介啊~~~
清砚冰,157,https://space.bilibili.com/3494351474789041/,https://i0.hdslb.com/bfs/face/member/noface.jpg@96w_96h_1c_1s_!web-avatar-space-list.avif,这个人没有填简介啊~~~
bili_93757047697,158,https://space.bilibili.com/3546704773122123/,https://i0.hdslb.com/bfs/face/member/noface.jpg@96w_96h_1c_1s_!web-avatar-space-list.avif,这个人没有填简介啊~~~
东篱梅子酒_Mico,159,https://space.bilibili.com/3494367385881118/,https://i1.hdslb.com/bfs/face/631a64c4ef6e5fcc3cf427131819f48ff284b217.jpg@96w_96h_1c_1s_!web-avatar-space-list.avif,我夫艾因
在我与世界之间,160,https://space.bilibili.com/428303615/,https://i2.hdslb.com/bfs/face/0b7f38dd43b5dba30b4feff6354dd9d4d14774a2.jpg@96w_96h_1c_1s_!web-avatar-space-list.avif,noko
有时佑逝,161,https://space.bilibili.com/773679/,https://i0.hdslb.com/bfs/face/5f6f5ee6621d25667289600e553d3c34ab82f74e.jpg@96w_96h_1c_1s_!web-avatar-space-list.avif,这个人没有填简介啊~~~
bili_43640243197,162,https://space.bilibili.com/701556324/,https://i0.hdslb.com/bfs/face/member/noface.jpg@96w_96h_1c_1s_!web-avatar-space-list.avif,这个人没有填简介啊~~~
缪蛙,163,https://space.bilibili.com/1512286012/,https://i1.hdslb.com/bfs/face/ffbd6e36390fc065514e31e2006d59c6a95b3f5f.jpg@96w_96h_1c_1s_!web-avatar-space-list.avif,崩坏：星穹铁道 启动！！！
万叶千声风落雨,164,https://space.bilibili.com/180732369/,https://i0.hdslb.com/bfs/face/0a449dbbc4776f9248957b12ee918b4eee13ae18.jpg@96w_96h_1c_1s_!web-avatar-space-list.avif,这个人没有填简介啊~~~
穂七,165,https://space.bilibili.com/1425101308/,https://i1.hdslb.com/bfs/face/2cb9de8c698e9d5e301e6dceb3b5609e2dba3f3c.jpg@96w_96h_1c_1s_!web-avatar-space-list.avif,这个人没有填简介啊~~~
备总何时加强,166,https://space.bilibili.com/1597354649/,https://i2.hdslb.com/bfs/face/94641fdbde4c5ae5537be12a34dbf8bac69ff6e2.jpg@96w_96h_1c_1s_!web-avatar-space-list.avif,世界以痛吻我，我报以世界温暖
bili_92663980873,167,https://space.bilibili.com/1070478217/,https://i0.hdslb.com/bfs/face/member/noface.jpg@96w_96h_1c_1s_!web-avatar-space-list.avif,这个人没有填简介啊~~~
99居心,168,https://space.bilibili.com/475931543/,https://i2.hdslb.com/bfs/face/f3a4afb6bffb50cbcdee79d1b32346032f3c94b1.jpg@96w_96h_1c_1s_!web-avatar-space-list.avif,希望我能一直保存重新开始的勇气。
bili28326853903,169,https://space.bilibili.com/3546633050523897/,https://i0.hdslb.com/bfs/face/member/noface.jpg@96w_96h_1c_1s_!web-avatar-space-list.avif,这个人没有填简介啊~~~
咲汐月,170,https://space.bilibili.com/13703286/,https://i0.hdslb.com/bfs/face/ef2e79b21374f502e384f5aad8c8c0af4b90a19f.jpg@96w_96h_1c_1s_!web-avatar-space-list.avif,这个人没有填简介啊~~~
huziman,171,https://space.bilibili.com/299716961/,https://i2.hdslb.com/bfs/face/2b61e9c8a228a7de06aa583367427809d6c1a490.jpg@96w_96h_1c_1s_!web-avatar-space-list.avif,多去看看世界吧，即使它的光照不到你，但至少还可避免一颗心死于孤寂
幽梦怎能淡定,172,https://space.bilibili.com/1018308281/,https://i2.hdslb.com/bfs/face/43a043e427fdff231f4d202f388b148b9389fd51.jpg@96w_96h_1c_1s_!web-avatar-space-list.avif,这个人没有填简介啊~~~
CVC小呦,173,https://space.bilibili.com/399775754/,https://i2.hdslb.com/bfs/face/5adadfa4a82593b2541c37910d84c37c0b614f38.jpg@96w_96h_1c_1s_!web-avatar-space-list.avif,What   a    life
君莫笑10242,174,https://space.bilibili.com/477486402/,https://i0.hdslb.com/bfs/face/4c7dd84f2d2cda4a91266e7015eab88cadd37c44.jpg@96w_96h_1c_1s_!web-avatar-space-list.avif,这个人没有填简介啊~~~
20190511,175,https://space.bilibili.com/678742643/,https://i0.hdslb.com/bfs/face/member/noface.jpg@96w_96h_1c_1s_!web-avatar-space-list.avif,这个人没有填简介啊~~~
bili_94076294321,176,https://space.bilibili.com/3493126444419327/,https://i0.hdslb.com/bfs/face/6c6229ed3620e8aae2a55e813317174799ee04b4.jpg@96w_96h_1c_1s_!web-avatar-space-list.avif,这个人没有填简介啊~~~
永无悲剧的梦,177,https://space.bilibili.com/8471344/,https://i1.hdslb.com/bfs/face/8a15df04f5d74fcdef5c5ce6d4d1692c6dda366d.jpg@96w_96h_1c_1s_!web-avatar-space-list.avif,这个人没有填简介啊~~~
辒?,178,https://space.bilibili.com/3546675180210902/,https://i2.hdslb.com/bfs/face/8e98bc429961d83afe71165f19bf2e21f683b179.jpg@96w_96h_1c_1s_!web-avatar-space-list.avif,这个人没有填简介啊~~~
bili_31655737405,179,https://space.bilibili.com/3546699691723457/,https://i0.hdslb.com/bfs/face/member/noface.jpg@96w_96h_1c_1s_!web-avatar-space-list.avif,这个人没有填简介啊~~~
深夜爲誰哭,180,https://space.bilibili.com/668317401/,https://i0.hdslb.com/bfs/face/deb8ea145b6b377082263cdbce2b2a31f5f45853.jpg@96w_96h_1c_1s_!web-avatar-space-list.avif,这个人没有填简介啊~~~
bili_81533566404,181,https://space.bilibili.com/3546555453803268/,https://i0.hdslb.com/bfs/face/member/noface.jpg@96w_96h_1c_1s_!web-avatar-space-list.avif,这个人没有填简介啊~~~
zlyhhh12,182,https://space.bilibili.com/482275943/,https://i0.hdslb.com/bfs/face/member/noface.jpg@96w_96h_1c_1s_!web-avatar-space-list.avif,这个人没有填简介啊~~~
多喝热水之多喝热水,183,https://space.bilibili.com/73751535/,https://i0.hdslb.com/bfs/face/1998b8144e0379f1a66a83ee9e0c02dcaed76325.jpg@96w_96h_1c_1s_!web-avatar-space-list.avif,这个人没有填简介啊~~~
恰绿色菜,184,https://space.bilibili.com/1793521/,https://i1.hdslb.com/bfs/face/33017082510167eaf0d6a05949b5cbfb54c365ce.jpg@96w_96h_1c_1s_!web-avatar-space-list.avif,人生百年，吾道不孤。
梦里鱼漂,185,https://space.bilibili.com/178753303/,https://i1.hdslb.com/bfs/face/7866746a3d56f814482645a81a6efa6bb0627472.jpg@96w_96h_1c_1s_!web-avatar-space-list.avif,三十功名尘与土，八千里路云和月
不爱学习的阿瞒,186,https://space.bilibili.com/498596662/,https://i1.hdslb.com/bfs/face/4efa2e673a42e4053356f7f7c68c6e08df907ae9.jpg@96w_96h_1c_1s_!web-avatar-space-list.avif,这个人没有填简介啊~~~
bili_44747696952,187,https://space.bilibili.com/3546706622810854/,https://i1.hdslb.com/bfs/face/4b33ab696ad0a91cabad32bbd3ddb4f7e087d2cf.jpg@96w_96h_1c_1s_!web-avatar-space-list.avif,这个人没有填简介啊~~~
bili_42699655385,188,https://space.bilibili.com/1312503964/,https://i1.hdslb.com/bfs/face/6c000d3965d464f5b7ad1b878189667cf5c63fd7.jpg@96w_96h_1c_1s_!web-avatar-space-list.avif,这个人没有填简介啊~~~
宝藏男孩小黑,189,https://space.bilibili.com/503999711/,https://i2.hdslb.com/bfs/face/09843271d30081dd2a8de7b4640b0b0f6a9420a8.jpg@96w_96h_1c_1s_!web-avatar-space-list.avif,这个人没有填简介啊~~~
糖吧啦吧啦芦,190,https://space.bilibili.com/3494356006734372/,https://i0.hdslb.com/bfs/face/19f8482642fb6dab979ccd6258a50b7c05b8afec.jpg@96w_96h_1c_1s_!web-avatar-space-list.avif,这个人没有填简介啊~~~
bili_49957882207,191,https://space.bilibili.com/1969708477/,https://i0.hdslb.com/bfs/face/member/noface.jpg@96w_96h_1c_1s_!web-avatar-space-list.avif,这个人没有填简介啊~~~
脱耐蒂腊,192,https://space.bilibili.com/3537118164945129/,https://i0.hdslb.com/bfs/face/member/noface.jpg@96w_96h_1c_1s_!web-avatar-space-list.avif,这个人没有填简介啊~~~
爱摸鱼的绵绵冰,193,https://space.bilibili.com/195677484/,https://i0.hdslb.com/bfs/face/cabd0a7cc38698d9303d5295c71baea9565b1ebf.jpg@96w_96h_1c_1s_!web-avatar-space-list.avif,这个人没有填简介啊~~~
bili_88549431768,194,https://space.bilibili.com/597249273/,https://i0.hdslb.com/bfs/face/member/noface.jpg@96w_96h_1c_1s_!web-avatar-space-list.avif,这个人没有填简介啊~~~
星空下的残胜,195,https://space.bilibili.com/3546615457516200/,https://i0.hdslb.com/bfs/face/dfaf74ba1990b283a7f1eaeabca0d058e374fb8f.jpg@96w_96h_1c_1s_!web-avatar-space-list.avif,这个人没有填简介啊~~~
海风藤规划,196,https://space.bilibili.com/516589844/,https://i2.hdslb.com/bfs/face/2726499ec8456f896bfedb1feb51e4f477652189.jpg@96w_96h_1c_1s_!web-avatar-space-list.avif,这个人没有填简介啊~~~
果断的一心,197,https://space.bilibili.com/288733625/,https://i2.hdslb.com/bfs/face/d8ddec49732d741bdbefd703c8345c6fb645340f.jpg@96w_96h_1c_1s_!web-avatar-space-list.avif,这个人没有填简介啊~~~
bili_40009832908,198,https://space.bilibili.com/646213711/,https://i1.hdslb.com/bfs/face/5ec98fc524acb4924449088d89a4a36d714dcb1b.jpg@96w_96h_1c_1s_!web-avatar-space-list.avif,这个人没有填简介啊~~~
贰式里疾风,199,https://space.bilibili.com/93597952/,https://i1.hdslb.com/bfs/face/03561f50fede65683577a949bbea97e12786f551.jpg@96w_96h_1c_1s_!web-avatar-space-list.avif,一个轨迹系列的00后铁粉，轨迹系列天下第一
无情百草园,200,https://space.bilibili.com/549127640/,https://i2.hdslb.com/bfs/face/066e7cac975c0fa936ac56426fde1c970a0e923c.jpg@96w_96h_1c_1s_!web-avatar-space-list.avif,"梦梦我最不爱更新了
所以画画什么的，下次也不一定
么么么么"
何田亭小同学,201,https://space.bilibili.com/3493090205632912/,https://i1.hdslb.com/bfs/face/a5282cbad1a10525794947c699d3bb2e087e5336.jpg@96w_96h_1c_1s_!web-avatar-space-list.avif,这个人没有填简介啊~~~
荟十四丶,202,https://space.bilibili.com/1415940152/,https://i2.hdslb.com/bfs/face/e8a2e8ddb6ddb1e379ea8e57ca03db91053fe0e1.jpg@96w_96h_1c_1s_!web-avatar-space-list.avif,这个人没有填简介啊~~~
茶余朩朩,203,https://space.bilibili.com/1360353370/,https://i1.hdslb.com/bfs/face/0cf4357099d9fd9a088d2d1d3be4c12b7cc48b32.jpg@96w_96h_1c_1s_!web-avatar-space-list.avif,斯人若彩虹，遇上方知有
bili_80371298310,204,https://space.bilibili.com/1675343084/,https://i2.hdslb.com/bfs/face/75098e0f51dec547fa5f4b6c5d856e39b5bc5236.jpg@96w_96h_1c_1s_!web-avatar-space-list.avif,这个人没有填简介啊~~~
命运的人,205,https://space.bilibili.com/13224435/,https://i0.hdslb.com/bfs/face/8da55153630502a239b6896d0a70f1abc733c32e.jpg@96w_96h_1c_1s_!web-avatar-space-list.avif,戴上荆棘的王冠，做你孤独的王。
bili_11629320185,206,https://space.bilibili.com/3546705966401949/,https://i0.hdslb.com/bfs/face/member/noface.jpg@96w_96h_1c_1s_!web-avatar-space-list.avif,这个人没有填简介啊~~~
桃园奈奈子,207,https://space.bilibili.com/433957301/,https://i2.hdslb.com/bfs/face/ea08111a1ab85c25df1d77bddd61c63b628f83ca.jpg@96w_96h_1c_1s_!web-avatar-space-list.avif,声带切除的哑巴新娘
心碎野狗,208,https://space.bilibili.com/3494352108128951/,https://i2.hdslb.com/bfs/face/6a0d8d4b2c08046b489da7add2b31b40de552e12.jpg@96w_96h_1c_1s_!web-avatar-space-list.avif,幹
信浓能代,209,https://space.bilibili.com/384648151/,https://i1.hdslb.com/bfs/face/1162492aee5d611319cfcdea786c31e15b168aa9.jpg@96w_96h_1c_1s_!web-avatar-space-list.avif,能代，我的能代
bili_46462445620,210,https://space.bilibili.com/525492895/,https://i1.hdslb.com/bfs/face/58687083f7b23cd5e4de735de35f301f50c670b8.jpg@96w_96h_1c_1s_!web-avatar-space-list.avif,这个人没有填简介啊~~~
怎么又改我名,211,https://space.bilibili.com/509199768/,https://i0.hdslb.com/bfs/face/5a760176f43a86609453c0087adb7e8c838074b9.jpg@96w_96h_1c_1s_!web-avatar-space-list.avif,多读书，少冲塔
-_冷风_-,212,https://space.bilibili.com/499964187/,https://i0.hdslb.com/bfs/face/2863b51c844ef319ab0a072a502f964160cac6a4.jpg@96w_96h_1c_1s_!web-avatar-space-list.avif,这个人没有填简介啊~~~
bili_32639787235,213,https://space.bilibili.com/1813777801/,https://i0.hdslb.com/bfs/face/member/noface.jpg@96w_96h_1c_1s_!web-avatar-space-list.avif,这个人没有填简介啊~~~
没有味道的水果糖,214,https://space.bilibili.com/74442228/,https://i0.hdslb.com/bfs/face/7175d1d5881469372fe0702edfb6c752cee94031.jpg@96w_96h_1c_1s_!web-avatar-space-list.avif,懒透了哈哈哈
-Nahida-,215,https://space.bilibili.com/518384253/,https://i0.hdslb.com/bfs/face/c25085176e00a02ac627489ac4019e8ba6a20085.webp@96w_96h_1c_1s_!web-avatar-space-list.avif,今天，你运动了吗
情字怎解无思量,216,https://space.bilibili.com/48261403/,https://i2.hdslb.com/bfs/face/4117f2eaee4b89b46e5126af3bc0c4ddc0dd4a50.jpg@96w_96h_1c_1s_!web-avatar-space-list.avif,这个人没有填简介啊~~~
LvsenkuVerm,217,https://space.bilibili.com/332378931/,https://i0.hdslb.com/bfs/face/083d299645e84ee7255797287e1ec7374d16122d.jpg@96w_96h_1c_1s_!web-avatar-space-list.avif,此处设宴请鬼神，掘墓刨棺挖祖坟
TUZXX,218,https://space.bilibili.com/3493106058004987/,https://i1.hdslb.com/bfs/face/aa0cb9bce7f3c59e723feb84ccc33138edf3a7d7.jpg@96w_96h_1c_1s_!web-avatar-space-list.avif,这个人没有填简介啊~~~
佘511,219,https://space.bilibili.com/483529545/,https://i0.hdslb.com/bfs/face/415194fed2d8a36ef06743aa387642398eab602f.jpg@96w_96h_1c_1s_!web-avatar-space-list.avif,这个人没有填简介啊~~~
小熙雅藕,220,https://space.bilibili.com/1051350854/,https://i2.hdslb.com/bfs/face/293ab4c6d2631d618bed43722b0405eee28766f6.jpg@96w_96h_1c_1s_!web-avatar-space-list.avif,这个人没有填简介啊~~~
典明好粥道霓虹区代理,221,https://space.bilibili.com/419273564/,https://i2.hdslb.com/bfs/face/c6347cb84d9164624de8ee0ce149bc8771137b10.jpg@96w_96h_1c_1s_!web-avatar-space-list.avif,这个人没有填简介啊~~~
酒花瑠璃,222,https://space.bilibili.com/262185662/,https://i2.hdslb.com/bfs/face/2302b4f134436362f0dc2e1e6430ea0c873fe9e6.jpg@96w_96h_1c_1s_!web-avatar-space-list.avif,这个人没有填简介啊~~~
bili_24718664473,223,https://space.bilibili.com/1025038387/,https://i0.hdslb.com/bfs/face/member/noface.jpg@96w_96h_1c_1s_!web-avatar-space-list.avif,这个人没有填简介啊~~~
念琳的鱼,224,https://space.bilibili.com/3546635539843729/,https://i1.hdslb.com/bfs/face/6f3530a2adf16a768dbf1ba7e09ffc7e33923fc4.jpg@96w_96h_1c_1s_!web-avatar-space-list.avif,这个人没有填简介啊~~~
qiip酱,225,https://space.bilibili.com/1494956747/,https://i2.hdslb.com/bfs/face/92ad0be1ec7a5e3b0dc137084ea775b889e394e6.jpg@96w_96h_1c_1s_!web-avatar-space-list.avif,这个人没有填简介啊~~~
梅子冻干,226,https://space.bilibili.com/335995739/,https://i2.hdslb.com/bfs/face/0e8108148ec04a962868e55e2aed4817e8e35507.jpg@96w_96h_1c_1s_!web-avatar-space-list.avif,这个人没有填简介啊~~~
日月安属_,227,https://space.bilibili.com/497661124/,https://i1.hdslb.com/bfs/face/a008a94bff8e8e1369a9ae18397cf05a5780423e.jpg@96w_96h_1c_1s_!web-avatar-space-list.avif,这个人没有填简介啊~~~
刘筱筱l,228,https://space.bilibili.com/301097675/,https://i0.hdslb.com/bfs/face/member/noface.jpg@96w_96h_1c_1s_!web-avatar-space-list.avif,这个人没有填简介啊~~~
bili_65411772661,229,https://space.bilibili.com/3546701254101623/,https://i0.hdslb.com/bfs/face/member/noface.jpg@96w_96h_1c_1s_!web-avatar-space-list.avif,这个人没有填简介啊~~~
奶块林白-无尽,230,https://space.bilibili.com/645646619/,https://i2.hdslb.com/bfs/face/853939164279b5a9a6e5e4fa077ca82ac213bf5a.jpg@96w_96h_1c_1s_!web-avatar-space-list.avif,这个人没有填简介啊~~~
__Aimer,231,https://space.bilibili.com/15999738/,https://i0.hdslb.com/bfs/face/efc17d838e5a58b0b1546c7dabb4bdbd107f3b4b.jpg@96w_96h_1c_1s_!web-avatar-space-list.avif,这个人没有填简介啊~~~
老瓜佩奇,232,https://space.bilibili.com/2271824/,https://i2.hdslb.com/bfs/face/485d15531bf528f4086c60e19676f10f7b6622a6.jpg@96w_96h_1c_1s_!web-avatar-space-list.avif,这个人没有填简介啊~~~
QG凶,233,https://space.bilibili.com/1616139636/,https://i0.hdslb.com/bfs/face/82e612c32bfa920d3bce93e97b7fee9b28a15417.jpg@96w_96h_1c_1s_!web-avatar-space-list.avif,这个人没有填简介啊~~~
bili_29099199856,234,https://space.bilibili.com/1798518872/,https://i2.hdslb.com/bfs/face/9c5a3ef6802c07cf305bb240b3ffc40addce5725.jpg@96w_96h_1c_1s_!web-avatar-space-list.avif,这个人没有填简介啊~~~
咖喱猫呱呱叫,235,https://space.bilibili.com/1815557860/,https://i1.hdslb.com/bfs/face/88de1a6f215b6f034347b48efe4c775b5ae14b8c.jpg@96w_96h_1c_1s_!web-avatar-space-list.avif,这个人没有填简介啊~~~
阔野天佳,236,https://space.bilibili.com/695988846/,https://i0.hdslb.com/bfs/face/60c8d2d855c340482026d8dbb38e3317cc3bdac1.jpg@96w_96h_1c_1s_!web-avatar-space-list.avif,这个人没有填简介啊~~~
bili_28345628790,237,https://space.bilibili.com/3493297020471747/,https://i0.hdslb.com/bfs/face/member/noface.jpg@96w_96h_1c_1s_!web-avatar-space-list.avif,这个人没有填简介啊~~~
澄心陵光,238,https://space.bilibili.com/670504063/,https://i1.hdslb.com/bfs/face/ebbe645a41dca11ee3606238c69eeaaaeb092b48.webp@96w_96h_1c_1s_!web-avatar-space-list.avif,这个人没有填简介啊~~~
金色の小浪花,239,https://space.bilibili.com/399229252/,https://i1.hdslb.com/bfs/face/437922d51fb87ca92ecc885685b17f8fa90d36d6.jpg@96w_96h_1c_1s_!web-avatar-space-list.avif,这个人没有填简介啊~~~
bili_58066124589,240,https://space.bilibili.com/3546707086280865/,https://i0.hdslb.com/bfs/face/eff2fdb71543172bb56b84d41dcc6c1d57821a48.jpg@96w_96h_1c_1s_!web-avatar-space-list.avif,这个人没有填简介啊~~~
WWWW希,241,https://space.bilibili.com/702146248/,https://i1.hdslb.com/bfs/face/3c69d4479fc41308ed1a3671ba53ba59dbcd9fa0.jpg@96w_96h_1c_1s_!web-avatar-space-list.avif,这个人没有填简介啊~~~
卡卡逗鬼,242,https://space.bilibili.com/388071428/,https://i2.hdslb.com/bfs/face/500cf6bc845525b6a5a00085cbf248d28cfecbc0.jpg@96w_96h_1c_1s_!web-avatar-space-list.avif,奥利给
宅宅Sir,243,https://space.bilibili.com/611832985/,https://i0.hdslb.com/bfs/face/member/noface.jpg@96w_96h_1c_1s_!web-avatar-space-list.avif,这个人没有填简介啊~~~
雨沐轩窗月笼沙,244,https://space.bilibili.com/2596867/,https://i1.hdslb.com/bfs/face/3a92d29dee93aeeb0016317349c396af8276e6a7.jpg@96w_96h_1c_1s_!web-avatar-space-list.avif,加油！?(?òωó?)?
战凤飞飞,245,https://space.bilibili.com/201310878/,https://i0.hdslb.com/bfs/face/member/noface.jpg@96w_96h_1c_1s_!web-avatar-space-list.avif,这个人没有填简介啊~~~
名字等停谷时再改吧,246,https://space.bilibili.com/452703526/,https://i1.hdslb.com/bfs/face/1fb922f6e712a074f21dcf236e67554da9e54bd9.jpg@96w_96h_1c_1s_!web-avatar-space-list.avif,……
bili_35445564909,247,https://space.bilibili.com/3546707142904685/,https://i0.hdslb.com/bfs/face/member/noface.jpg@96w_96h_1c_1s_!web-avatar-space-list.avif,这个人没有填简介啊~~~
_トランセンド,248,https://space.bilibili.com/1479653672/,https://i2.hdslb.com/bfs/face/126985b3c5779b7e42cd234185ee114bfb40d9e4.jpg@96w_96h_1c_1s_!web-avatar-space-list.avif,.
D--Ace,249,https://space.bilibili.com/694589197/,https://i1.hdslb.com/bfs/face/4aa1026292e3ab729e6abc5d7235d1fab480d154.jpg@96w_96h_1c_1s_!web-avatar-space-list.avif,这个人没有填简介啊~~~
_晓同学,250,https://space.bilibili.com/473987592/,https://i0.hdslb.com/bfs/face/9334b3233f22d97faddd0cb9d41e68bb9798fdad.jpg@96w_96h_1c_1s_!web-avatar-space-list.avif,这个人没有填简介啊~~~
小墩兽,251,https://space.bilibili.com/401081440/,https://i1.hdslb.com/bfs/face/3011c1f07e5d74e5fd4513205cd3a40824956fdf.jpg@96w_96h_1c_1s_!web-avatar-space-list.avif,xinnian
疏疏六月凉,252,https://space.bilibili.com/1261120018/,https://i1.hdslb.com/bfs/face/3b1945749b5b03dbfc63509ee2bb050c2cd26a68.jpg@96w_96h_1c_1s_!web-avatar-space-list.avif,这个人没有填简介啊~~~
小沈木木白,253,https://space.bilibili.com/354110737/,https://i1.hdslb.com/bfs/face/9c26b7e20ee04edfa67bb5444bfe7149cdf5adc8.jpg@96w_96h_1c_1s_!web-avatar-space-list.avif,这个人没有填简介啊~~~
bili_62830152646,254,https://space.bilibili.com/3546576987359305/,https://i0.hdslb.com/bfs/face/member/noface.jpg@96w_96h_1c_1s_!web-avatar-space-list.avif,这个人没有填简介啊~~~
鸩殃,255,https://space.bilibili.com/325670015/,https://i2.hdslb.com/bfs/face/31be5f9d7f49a4095d36c1810ab40bee4ad60c18.jpg@96w_96h_1c_1s_!web-avatar-space-list.avif,这个人没有填简介啊~~~
犹如幻yi_,256,https://space.bilibili.com/22944661/,https://i1.hdslb.com/bfs/face/de1c39fe75a683ae22c671109d9a80e73081fbb3.webp@96w_96h_1c_1s_!web-avatar-space-list.avif,对了，本人___。
爱吃零食的啵崽,257,https://space.bilibili.com/457392794/,https://i2.hdslb.com/bfs/face/f1d01cbaf8e440fb2f81ae91a8890bdeb4f65b14.jpg@96w_96h_1c_1s_!web-avatar-space-list.avif,这个人没有填简介啊~~~
bili_40722114824,258,https://space.bilibili.com/472415575/,https://i0.hdslb.com/bfs/face/member/noface.jpg@96w_96h_1c_1s_!web-avatar-space-list.avif,这个人没有填简介啊~~~
Leonemodamage,259,https://space.bilibili.com/325692664/,https://i1.hdslb.com/bfs/face/925cdf9dce037ea1f0718e52c9b4d56124071709.jpg@96w_96h_1c_1s_!web-avatar-space-list.avif,这个人没有填简介啊~~~
小学生乛,260,https://space.bilibili.com/691533764/,https://i2.hdslb.com/bfs/face/0a394874bc6791ccfe06b8cd15931d09f50c3f49.jpg@96w_96h_1c_1s_!web-avatar-space-list.avif,这个人没有填简介啊~~~
冰糖雪梨炖茉莉,261,https://space.bilibili.com/3546639358757766/,https://i0.hdslb.com/bfs/face/a0c5a3f7be9a7333542ea4979c57bbb9352aa7ea.jpg@96w_96h_1c_1s_!web-avatar-space-list.avif,这个人没有填简介啊~~~
江淹夢筆,262,https://space.bilibili.com/352405717/,https://i1.hdslb.com/bfs/face/e2c620f6a2029cfc02b49a0d60d015dcf1b66c70.jpg@96w_96h_1c_1s_!web-avatar-space-list.avif,叶、愛してるぞ；；
余刻,263,https://space.bilibili.com/507017838/,https://i0.hdslb.com/bfs/face/5ee76a9350ef5ec341a224e43229b2424a610c28.jpg@96w_96h_1c_1s_!web-avatar-space-list.avif,找个孩子爱说6
月璃Moonri,264,https://space.bilibili.com/358734956/,https://i2.hdslb.com/bfs/face/534784beaae903ed7f1de6f5bdaae5800b3817a3.jpg@96w_96h_1c_1s_!web-avatar-space-list.avif,这个人没有填简介啊~~~
星河弥想,265,https://space.bilibili.com/1176070115/,https://i2.hdslb.com/bfs/face/f199e192b54069248162e8b61e94e59341fef56f.jpg@96w_96h_1c_1s_!web-avatar-space-list.avif,这个人没有填简介啊~~~
高一能干饭,266,https://space.bilibili.com/3493094775327138/,https://i0.hdslb.com/bfs/face/d175df50ac27b96b3e4a0197e40917d893088365.jpg@96w_96h_1c_1s_!web-avatar-space-list.avif,这个人没有填简介啊~~~
希望第五越来越好,267,https://space.bilibili.com/413062956/,https://i0.hdslb.com/bfs/face/6177426f6c1a85977697950e147a0489debc7e80.jpg@96w_96h_1c_1s_!web-avatar-space-list.avif,"亲眼所见，亦非真实
一切恐惧，源于未知
欢迎来到第五人格～"
蜡烛无言,268,https://space.bilibili.com/1088510139/,https://i0.hdslb.com/bfs/face/6bb3e4b5bf114ce09d96502376c0d8a4e17e8cc2.jpg@96w_96h_1c_1s_!web-avatar-space-list.avif,"我对迄今为止的生命作出回答，
我欣然接受你。"
柠檬Lemon丷S,269,https://space.bilibili.com/452005336/,https://i1.hdslb.com/bfs/face/618fbfc48310a7b67da3eb30b649bd99810f2ec0.jpg@96w_96h_1c_1s_!web-avatar-space-list.avif,第五约瑟夫玩家
沢渡雫snow,270,https://space.bilibili.com/449296904/,https://i2.hdslb.com/bfs/face/39d1e7f29a9d0575a0d514885d2fbedda548ab86.jpg@96w_96h_1c_1s_!web-avatar-space-list.avif,最爱沢渡雫
勇气就是真正的魔法,271,https://space.bilibili.com/269930777/,https://i1.hdslb.com/bfs/face/d7ffba90d3f5a461f0a2b27f4c22c7204c5d0b10.jpg@96w_96h_1c_1s_!web-avatar-space-list.avif,这个人没有填简介啊~~~
starryie繁星,272,https://space.bilibili.com/1962001782/,https://i0.hdslb.com/bfs/face/7bf766a0317c30bf2c949cde6cb92e161cc948b9.jpg@96w_96h_1c_1s_!web-avatar-space-list.avif,"なんでもないや
阿里嘎多 欢迎来到我的频道"
-玖玖玖-_-,273,https://space.bilibili.com/1244104431/,https://i0.hdslb.com/bfs/face/17f67a7e06d69cbe9741a2b05db6321a6023089b.jpg@96w_96h_1c_1s_!web-avatar-space-list.avif,这个人没有填简介啊~~~
bili_63409473282,274,https://space.bilibili.com/3546704745859253/,https://i0.hdslb.com/bfs/face/member/noface.jpg@96w_96h_1c_1s_!web-avatar-space-list.avif,这个人没有填简介啊~~~
暮光aas,275,https://space.bilibili.com/1334912844/,https://i0.hdslb.com/bfs/face/71c4f14973e483f7094e5837c7403a575013b1c8.jpg@96w_96h_1c_1s_!web-avatar-space-list.avif,这个人没有填简介啊~~~
bili_32196442317,276,https://space.bilibili.com/1907284070/,https://i2.hdslb.com/bfs/face/1378ccb5f3fa4422c0816798bd20938f1ec8313e.jpg@96w_96h_1c_1s_!web-avatar-space-list.avif,这个人没有填简介啊~~~
如果我宅,277,https://space.bilibili.com/12768192/,https://i1.hdslb.com/bfs/face/f65ccc0ed179958b8495a294ec7f210bd7142353.jpg@96w_96h_1c_1s_!web-avatar-space-list.avif,原来不爱就可以肆无忌惮的伤害。
疯狂动物成-,278,https://space.bilibili.com/368059077/,https://i0.hdslb.com/bfs/face/83d91cb05638b331d88113edc8d6853c9b6de75c.jpg@96w_96h_1c_1s_!web-avatar-space-list.avif,这个人没有填简介啊~~~
bili_82604775230,279,https://space.bilibili.com/1558318085/,https://i0.hdslb.com/bfs/face/member/noface.jpg@96w_96h_1c_1s_!web-avatar-space-list.avif,这个人没有填简介啊~~~
无心の法师,280,https://space.bilibili.com/348443722/,https://i1.hdslb.com/bfs/face/e007beb110efa799380da1717af56d680a112fcf.jpg@96w_96h_1c_1s_!web-avatar-space-list.avif,这个人没有填简介啊~~~
失智ing--,281,https://space.bilibili.com/484917439/,https://i1.hdslb.com/bfs/face/b4637f5b33adf737e42b86ce3268e4e2424574f2.jpg@96w_96h_1c_1s_!web-avatar-space-list.avif,这个人没有填简介啊~~~
我只是路过的士道,282,https://space.bilibili.com/694374577/,https://i1.hdslb.com/bfs/face/3fd1d96447161074d29cac734a74c5db332dc4ba.jpg@96w_96h_1c_1s_!web-avatar-space-list.avif,这个人没有填简介啊~~~
凡羽羽,283,https://space.bilibili.com/62070594/,https://i0.hdslb.com/bfs/face/3cc3fc6d45a7961392a70e992ffe84f809e4af69.jpg@96w_96h_1c_1s_!web-avatar-space-list.avif,随蝴蝶一起消散吧~
Linnnnnkx,284,https://space.bilibili.com/604229230/,https://i1.hdslb.com/bfs/face/65397717b43a805471b534e89caed931a13e2282.jpg@96w_96h_1c_1s_!web-avatar-space-list.avif,当然是我开心最重要啦！活在当下 珍惜当下 开心最重要！dy/?/?同名
快乐老班,285,https://space.bilibili.com/3546706941577790/,https://i2.hdslb.com/bfs/face/1496caccaea826e53d1562e6b3d839cc9b5182f2.jpg@96w_96h_1c_1s_!web-avatar-space-list.avif,这个人没有填简介啊~~~
江湖人称DDS,286,https://space.bilibili.com/271217268/,https://i0.hdslb.com/bfs/face/member/noface.jpg@96w_96h_1c_1s_!web-avatar-space-list.avif,这个人没有填简介啊~~~
水月镜花-Tcly,287,https://space.bilibili.com/28984411/,https://i1.hdslb.com/bfs/face/1da2c93a3a5c9bc68c0e40f6e1e9e1d7aa440305.jpg@96w_96h_1c_1s_!web-avatar-space-list.avif,这个人没有填简介啊~~~
Li__-_-,288,https://space.bilibili.com/3546684523022761/,https://i1.hdslb.com/bfs/face/1048795cf3cff0815e9fa8926e19301b790346ac.jpg@96w_96h_1c_1s_!web-avatar-space-list.avif,这个人没有填简介啊~~~
办法的口袋,289,https://space.bilibili.com/510442754/,https://i0.hdslb.com/bfs/face/member/noface.jpg@96w_96h_1c_1s_!web-avatar-space-list.avif,这个人没有填简介啊~~~
彼女の名前は然,290,https://space.bilibili.com/1244104855/,https://i1.hdslb.com/bfs/face/09b58aa08f1cae52e08bf1b7ae75fcf254df233a.jpg@96w_96h_1c_1s_!web-avatar-space-list.avif,这个人没有填简介啊~~~
想不出名字f,291,https://space.bilibili.com/3546372940761978/,https://i0.hdslb.com/bfs/face/member/noface.jpg@96w_96h_1c_1s_!web-avatar-space-list.avif,这个人没有填简介啊~~~
bili_61638671799,292,https://space.bilibili.com/2051385927/,https://i0.hdslb.com/bfs/face/25aea319b00413eba7ca4bb0d106740889de0f80.jpg@96w_96h_1c_1s_!web-avatar-space-list.avif,这个人没有填简介啊~~~
何加鄢,293,https://space.bilibili.com/3494367757077458/,https://i2.hdslb.com/bfs/face/707a7c233c4b8bd939e512154313ac8513030aac.jpg@96w_96h_1c_1s_!web-avatar-space-list.avif,这个人没有填简介啊~~~
_Logic_-,294,https://space.bilibili.com/553287015/,https://i0.hdslb.com/bfs/face/08483e46ab8a09aa7a8f6f61f330cadc445ed9c3.jpg@96w_96h_1c_1s_!web-avatar-space-list.avif,悬挂在头顶的不是达摩克利斯之剑，而是责任
您的節操余额不足,295,https://space.bilibili.com/106179659/,https://i2.hdslb.com/bfs/face/d32c7669854b3ecc8d33b7b0001a708c8ea0de42.jpg@96w_96h_1c_1s_!web-avatar-space-list.avif,这个人没有填简介啊~~~
是老张哒,296,https://space.bilibili.com/1773255/,https://i0.hdslb.com/bfs/face/366917901957dac18a1472b087453ccbdfcc1550.jpg@96w_96h_1c_1s_!web-avatar-space-list.avif,这个人没有填简介啊~~~
安慕希哎,297,https://space.bilibili.com/513731750/,https://i2.hdslb.com/bfs/face/0c46fa675cadde32411df2193329f4dbbc4ef880.jpg@96w_96h_1c_1s_!web-avatar-space-list.avif,星穹列车爱玩农的旅行者
雨惊人未醒,298,https://space.bilibili.com/489396164/,https://i2.hdslb.com/bfs/face/168f7f0799d67ac7b6ce9508e44c12eac6e4e359.jpg@96w_96h_1c_1s_!web-avatar-space-list.avif,这个人没有填简介啊~~~
黄昏见证虔诚的信仰,299,https://space.bilibili.com/353521535/,https://i2.hdslb.com/bfs/face/7e5da2dc0342cdee9d830ce01a566cd77643daf1.jpg@96w_96h_1c_1s_!web-avatar-space-list.avif,这个人没有填简介啊~~~
黑與白的灰,300,https://space.bilibili.com/340379496/,https://i0.hdslb.com/bfs/face/17b28193a7444449add925715c92372120362c58.jpg@96w_96h_1c_1s_!web-avatar-space-list.avif,这个人没有填简介啊~~~
LZXwdgsrhdhv,301,https://space.bilibili.com/3494368711281389/,https://i2.hdslb.com/bfs/face/ceb9f8c9f159986469c4c971224ce9aabb60b435.jpg@96w_96h_1c_1s_!web-avatar-space-list.avif,这个人没有填简介啊~~~
地球明明是方的,302,https://space.bilibili.com/500054224/,https://i1.hdslb.com/bfs/face/8d2692aaa61d83cdc9497dc92771e3704cce0e20.jpg@96w_96h_1c_1s_!web-avatar-space-list.avif,?该账号已被封禁
bili_35739636080,303,https://space.bilibili.com/1140596764/,https://i1.hdslb.com/bfs/face/bfa5e45a911574ebaad62e673c919ad7defdd15e.jpg@96w_96h_1c_1s_!web-avatar-space-list.avif,这个人没有填简介啊~~~
你猜我哪位呀,304,https://space.bilibili.com/23280997/,https://i1.hdslb.com/bfs/face/ead4b4317e0a5cd9ef5f14aab45728ba86e0bcb9.jpg@96w_96h_1c_1s_!web-avatar-space-list.avif,嘘 我不是我
不爱吃水果的Rr,305,https://space.bilibili.com/617671290/,https://i0.hdslb.com/bfs/face/79bbc6b6f750d8f3a527c16eb7464351d072d7d7.jpg@96w_96h_1c_1s_!web-avatar-space-list.avif,每天进步一点点
H超Zzz,306,https://space.bilibili.com/1567709218/,https://i0.hdslb.com/bfs/face/member/noface.jpg@96w_96h_1c_1s_!web-avatar-space-list.avif,这个人没有填简介啊~~~
bili_60931825188,307,https://space.bilibili.com/616867571/,https://i0.hdslb.com/bfs/face/54eb9e8a72fd4b96895dee0edade2e8115467d69.jpg@96w_96h_1c_1s_!web-avatar-space-list.avif,这个人没有填简介啊~~~
乐郑乐铭mao,308,https://space.bilibili.com/2090290109/,https://i2.hdslb.com/bfs/face/318897959ee1df7f6a9c46ae47071286a1443226.jpg@96w_96h_1c_1s_!web-avatar-space-list.avif,这个人没有填简介啊~~~
大平洋还是太西洋,309,https://space.bilibili.com/1560488615/,https://i2.hdslb.com/bfs/face/833e780fcc5e234fcd9611efeae98b6dc2e9cc2c.jpg@96w_96h_1c_1s_!web-avatar-space-list.avif,一个在书里找Homo的up
o十七也o拉黑我嫑脸,310,https://space.bilibili.com/669142683/,https://i0.hdslb.com/bfs/face/d69ee00a9e4ddfed474c6ce9219eafc1f169327b.jpg@96w_96h_1c_1s_!web-avatar-space-list.avif,强词夺理的人恶不恶心
小檗吃笋,311,https://space.bilibili.com/31782709/,https://i1.hdslb.com/bfs/face/404fc25e2b178a3b153540392fda877157e50571.jpg@96w_96h_1c_1s_!web-avatar-space-list.avif,生于南方
bili_29307011606,312,https://space.bilibili.com/3546697101740094/,https://i0.hdslb.com/bfs/face/member/noface.jpg@96w_96h_1c_1s_!web-avatar-space-list.avif,这个人没有填简介啊~~~
lilinbi001,313,https://space.bilibili.com/393030256/,https://i1.hdslb.com/bfs/face/0da744c6069b9c448f1ccf7b851980f5bea7c557.jpg@96w_96h_1c_1s_!web-avatar-space-list.avif,这个人没有填简介啊~~~
你是真的6阿弟弟,314,https://space.bilibili.com/92695226/,https://i0.hdslb.com/bfs/face/member/noface.jpg@96w_96h_1c_1s_!web-avatar-space-list.avif,这个人没有填简介啊~~~
bili_39200201698,315,https://space.bilibili.com/3546387362876097/,https://i0.hdslb.com/bfs/face/member/noface.jpg@96w_96h_1c_1s_!web-avatar-space-list.avif,这个人没有填简介啊~~~
3笠玖,316,https://space.bilibili.com/2089090097/,https://i2.hdslb.com/bfs/face/4d9ec68206fcfda48f5624729e69324aac9dc08b.jpg@96w_96h_1c_1s_!web-avatar-space-list.avif,这个人没有填简介啊~~~
bili_68420969827,317,https://space.bilibili.com/3546707042240649/,https://i0.hdslb.com/bfs/face/member/noface.jpg@96w_96h_1c_1s_!web-avatar-space-list.avif,这个人没有填简介啊~~~
bili_69434507570,318,https://space.bilibili.com/3546578103044294/,https://i0.hdslb.com/bfs/face/member/noface.jpg@96w_96h_1c_1s_!web-avatar-space-list.avif,这个人没有填简介啊~~~
单纯的冰夜,319,https://space.bilibili.com/651722717/,https://i2.hdslb.com/bfs/face/a4a0ec6cbc9598432becba5714e07d7130db17ab.jpg@96w_96h_1c_1s_!web-avatar-space-list.avif,落叶赋俱乐部部长，俱乐部接CODM陪陪兼暗区护航，有意加Q：2377067515
小埋之家,320,https://space.bilibili.com/102711415/,https://i1.hdslb.com/bfs/face/cb4fd78689b507c0fb5bfc4a454c2c64f759a8ba.jpg@96w_96h_1c_1s_!web-avatar-space-list.avif,这个人没有填简介啊~~~
bili_63790437252,321,https://space.bilibili.com/1163660457/,https://i0.hdslb.com/bfs/face/member/noface.jpg@96w_96h_1c_1s_!web-avatar-space-list.avif,这个人没有填简介啊~~~
江壶九品糕手M,322,https://space.bilibili.com/515718440/,https://i2.hdslb.com/bfs/face/1b528c15a39e1d9cfd292406f98a01ec7faacbf7.jpg@96w_96h_1c_1s_!web-avatar-space-list.avif,这个人没有填简介啊~~~
bili_52980317882,323,https://space.bilibili.com/624195810/,https://i0.hdslb.com/bfs/face/1e4e803270680ed2b82a5d9f99955a150563c3f6.jpg@96w_96h_1c_1s_!web-avatar-space-list.avif,这个人没有填简介啊~~~
烨旋,324,https://space.bilibili.com/32569801/,https://i1.hdslb.com/bfs/face/e3b75296fc7a7a8045e4d743f2d3bdf157431630.jpg@96w_96h_1c_1s_!web-avatar-space-list.avif,"一位FGO
老玩家"
吃香菇的水岛寒月,325,https://space.bilibili.com/631657419/,https://i0.hdslb.com/bfs/face/2041cc0fb7735dc7bc25547838d25e3a8aa3be25.jpg@96w_96h_1c_1s_!web-avatar-space-list.avif,大爱miku和鹿乃，碧蓝日服玩家
谢谢_你也很好,326,https://space.bilibili.com/456261738/,https://i0.hdslb.com/bfs/face/9a5e78b423ec0a6db1700d955ee3b650c6bad23e.jpg@96w_96h_1c_1s_!web-avatar-space-list.avif,这个人没有填简介啊~~~
LZZL42,327,https://space.bilibili.com/3546707145001374/,https://i0.hdslb.com/bfs/face/1940f605093b5c625e4c8526ce68e9e04a9b1736.jpg@96w_96h_1c_1s_!web-avatar-space-list.avif,这个人没有填简介啊~~~
义夕那年,328,https://space.bilibili.com/1233914727/,https://i0.hdslb.com/bfs/face/b0b84f604c9931ac3cd1b89b6c5a98a7a43c0211.jpg@96w_96h_1c_1s_!web-avatar-space-list.avif,这个人没有填简介啊~~~
Abio_19,329,https://space.bilibili.com/253130094/,https://i0.hdslb.com/bfs/face/1be76000e3d5add4863dc65da4c64b37e3041285.jpg@96w_96h_1c_1s_!web-avatar-space-list.avif,"arcaea ptt12.34,phigros rks16.00"
bili_11067151378,330,https://space.bilibili.com/3546707147098580/,https://i2.hdslb.com/bfs/face/770a925af7f4cf85861f16fee365c2c680aaac41.jpg@96w_96h_1c_1s_!web-avatar-space-list.avif,这个人没有填简介啊~~~
黄0708,331,https://space.bilibili.com/1024023093/,https://i0.hdslb.com/bfs/face/member/noface.jpg@96w_96h_1c_1s_!web-avatar-space-list.avif,这个人没有填简介啊~~~
龞?屮,332,https://space.bilibili.com/3493086430759648/,https://i1.hdslb.com/bfs/face/f22001df5c14b29565c82a460533f26f53ceb34f.jpg@96w_96h_1c_1s_!web-avatar-space-list.avif,这个人没有填简介啊~~~
紅魂,333,https://space.bilibili.com/1711517119/,https://i1.hdslb.com/bfs/face/d443ceb193fab1957c6683ddbdfedfb62c7d1632.jpg@96w_96h_1c_1s_!web-avatar-space-list.avif,这个人没有填简介啊~~~
兜兜qwqana,334,https://space.bilibili.com/3546642863098368/,https://i0.hdslb.com/bfs/face/e149b56b27ba71d819587d8e7204920456e0a9ec.jpg@96w_96h_1c_1s_!web-avatar-space-list.avif,这个人没有填简介啊~~~
ydb5033zsj,335,https://space.bilibili.com/76392024/,https://i0.hdslb.com/bfs/face/member/noface.jpg@96w_96h_1c_1s_!web-avatar-space-list.avif,这个人没有填简介啊~~~
落英得武帝,336,https://space.bilibili.com/1873786163/,https://i2.hdslb.com/bfs/face/6179ecafec9583d5490afde326f346603749de67.jpg@96w_96h_1c_1s_!web-avatar-space-list.avif,今天又是美好的一天呐
42461419670_bili,337,https://space.bilibili.com/351698839/,https://i0.hdslb.com/bfs/face/member/noface.jpg@96w_96h_1c_1s_!web-avatar-space-list.avif,这个人没有填简介啊~~~
焄魘,338,https://space.bilibili.com/2078702462/,https://i2.hdslb.com/bfs/face/39088c9041cd95fe69e90923aca32f840ee5cf4b.jpg@96w_96h_1c_1s_!web-avatar-space-list.avif,这个人没有填简介啊~~~
叶轻鞘,339,https://space.bilibili.com/1603178002/,https://i0.hdslb.com/bfs/face/member/noface.jpg@96w_96h_1c_1s_!web-avatar-space-list.avif,这个人没有填简介啊~~~
不为反甲低头,340,https://space.bilibili.com/1793792261/,https://i2.hdslb.com/bfs/face/39ea81aa2a3547b14bfe369c3133ffa1eadb71ca.jpg@96w_96h_1c_1s_!web-avatar-space-list.avif,高地都守不住，怎么还守得住她？
bili_97640494799,341,https://space.bilibili.com/3546628461955764/,https://i0.hdslb.com/bfs/face/fb79103e8b33547023e2010030b6889bba2b49bf.jpg@96w_96h_1c_1s_!web-avatar-space-list.avif,这个人没有填简介啊~~~
萨瓦二号,342,https://space.bilibili.com/1804861080/,https://i0.hdslb.com/bfs/face/cfb37fbc9f196696bd547ff9a869a6afec2ed0ce.jpg@96w_96h_1c_1s_!web-avatar-space-list.avif,解放是一辈子的事
喜欢上你侠客行,343,https://space.bilibili.com/496609845/,https://i0.hdslb.com/bfs/face/member/noface.jpg@96w_96h_1c_1s_!web-avatar-space-list.avif,这个人没有填简介啊~~~
枫缘枫羽,344,https://space.bilibili.com/41114920/,https://i1.hdslb.com/bfs/face/9676461b93660ce4bd3d7036a9ded7d3b09064d1.jpg@96w_96h_1c_1s_!web-avatar-space-list.avif,这个人没有填简介啊~~~
bili_75198953353,345,https://space.bilibili.com/3546555514620525/,https://i0.hdslb.com/bfs/face/e013362cffc80f13cccefcbc2b0ca1b1ae1af9e8.jpg@96w_96h_1c_1s_!web-avatar-space-list.avif,这个人没有填简介啊~~~
汐焰_Karashio,346,https://space.bilibili.com/24212729/,https://i2.hdslb.com/bfs/face/85ab26e032373a0895ae28d8a58f8f1a41055f06.jpg@96w_96h_1c_1s_!web-avatar-space-list.avif,不问前程自在游
bili_27748663296,347,https://space.bilibili.com/1657332795/,https://i0.hdslb.com/bfs/face/member/noface.jpg@96w_96h_1c_1s_!web-avatar-space-list.avif,这个人没有填简介啊~~~
遁出红尘__,348,https://space.bilibili.com/307465166/,https://i2.hdslb.com/bfs/face/42b71842b7861b9bd344b45856060fbd07b00328.jpg@96w_96h_1c_1s_!web-avatar-space-list.avif,这个人没有填简介啊~~~
MetaB_,349,https://space.bilibili.com/519941330/,https://i2.hdslb.com/bfs/face/bf434006d4b4c2732e6d54fba6db0d7f8c07abc3.jpg@96w_96h_1c_1s_!web-avatar-space-list.avif,@梅塔比特 2号机（大号登不上了）
-我是废物-,350,https://space.bilibili.com/3461576025704647/,https://i1.hdslb.com/bfs/face/c7e5915a5e9ac5d373147df8bbf4abe7f3a4d3bd.jpg@96w_96h_1c_1s_!web-avatar-space-list.avif,这个人没有填简介啊~~~
想成为露露的狗,351,https://space.bilibili.com/1968805287/,https://i0.hdslb.com/bfs/face/465800747d6968519e1a2c9598b521b9de2c9c89.jpg@96w_96h_1c_1s_!web-avatar-space-list.avif,这个人没有填简介啊~~~
改名字花了6块大洋,352,https://space.bilibili.com/1635761936/,https://i2.hdslb.com/bfs/face/eb1736b633b9d218b8bd169f49afa1c78caa3650.jpg@96w_96h_1c_1s_!web-avatar-space-list.avif,快快乐乐安乐死
望月玖辞,353,https://space.bilibili.com/1843203016/,https://i1.hdslb.com/bfs/face/183bb8f9f0658ee79ae695a175f83f2d9adb2fcc.jpg@96w_96h_1c_1s_!web-avatar-space-list.avif,这个人没有填简介啊~~~
万仙幻镜,354,https://space.bilibili.com/3546565914397509/,https://i0.hdslb.com/bfs/face/member/noface.jpg@96w_96h_1c_1s_!web-avatar-space-list.avif,这个人没有填简介啊~~~
孤独的狼王3,355,https://space.bilibili.com/3494366981130958/,https://i1.hdslb.com/bfs/face/e49b8dd82a1df3c24ff152ca47ba6ab6474f751f.jpg@96w_96h_1c_1s_!web-avatar-space-list.avif,这个人没有填简介啊~~~
深山踏红尘,356,https://space.bilibili.com/3493273387665491/,https://i2.hdslb.com/bfs/face/67d69a33326f18462fd2b70e5a0379e8618681eb.jpg@96w_96h_1c_1s_!web-avatar-space-list.avif,这个人没有填简介啊~~~
苏苏凉QAQ,357,https://space.bilibili.com/1508625430/,https://i1.hdslb.com/bfs/face/99f26a111baace20f1cb4f4e861f762d10930dd7.jpg@96w_96h_1c_1s_!web-avatar-space-list.avif,这个人没有填简介啊~~~
bili_20667259058,358,https://space.bilibili.com/3546673739466819/,https://i0.hdslb.com/bfs/face/6fb05f895d854e68419d45eef2c2e272b04ad25f.jpg@96w_96h_1c_1s_!web-avatar-space-list.avif,这个人没有填简介啊~~~
高质量非人类,359,https://space.bilibili.com/2015799778/,https://i1.hdslb.com/bfs/face/44ec565932b4da98724d421dad3b743bc9b4f2a1.jpg@96w_96h_1c_1s_!web-avatar-space-list.avif,这个人没有填简介啊~~~
齿鱼骨头,360,https://space.bilibili.com/3461565877585990/,https://i1.hdslb.com/bfs/face/d4c6d0d6a4c4c592531e77638238698d52cffbc6.jpg@96w_96h_1c_1s_!web-avatar-space-list.avif,祝好
唐逸晨之晨,361,https://space.bilibili.com/3493260748130606/,https://i0.hdslb.com/bfs/face/member/noface.jpg@96w_96h_1c_1s_!web-avatar-space-list.avif,这个人没有填简介啊~~~
bili_98753755890,362,https://space.bilibili.com/668939147/,https://i2.hdslb.com/bfs/face/af7faca18c3c8d1e9c06bed59e628937d8b60433.jpg@96w_96h_1c_1s_!web-avatar-space-list.avif,这个人没有填简介啊~~~
Funina-Fucaros,363,https://space.bilibili.com/3546376401062609/,https://i2.hdslb.com/bfs/face/62ab583bf8b355071196c9cb5479561239258d23.jpg@96w_96h_1c_1s_!web-avatar-space-list.avif,这个人没有填简介啊~~~
boneVI,364,https://space.bilibili.com/365152861/,https://i1.hdslb.com/bfs/face/e54948a7744a7ff13109f6531efaae7450504112.webp@96w_96h_1c_1s_!web-avatar-space-list.avif,ヲタ芸/明日方舟蓟县小鬼&集成战略攻略中/月计/音游菜狗   大一卑微人
bili_27092506458,365,https://space.bilibili.com/3493136623995835/,https://i0.hdslb.com/bfs/face/member/noface.jpg@96w_96h_1c_1s_!web-avatar-space-list.avif,这个人没有填简介啊~~~
凯欧大陆,366,https://space.bilibili.com/176063068/,https://i1.hdslb.com/bfs/face/8952185240a81abfc96345b20dadbfc9192cf29f.jpg@96w_96h_1c_1s_!web-avatar-space-list.avif,《卑鄙的我》。
bili_84268674702,367,https://space.bilibili.com/1518904425/,https://i0.hdslb.com/bfs/face/56c072902fcb4bdbfa372a933d57826e211de9cd.jpg@96w_96h_1c_1s_!web-avatar-space-list.avif,我不是人类，而是一些迷信的人相信的仙，身边的风，是我的法术；头顶的呆毛，是我的标志；手中的剑，是我唯一的武器！有我自己来修仙！
我是蝗上,368,https://space.bilibili.com/3546706463426987/,https://i2.hdslb.com/bfs/face/af132cf9230328a596790b7065c4c6e0d5f787ae.jpg@96w_96h_1c_1s_!web-avatar-space-list.avif,这个人没有填简介啊~~~
bili_59335990524,369,https://space.bilibili.com/3546657457179042/,https://i0.hdslb.com/bfs/face/ce8e60d9962a4b8fa431bcf1f4a03c91decc5a75.jpg@96w_96h_1c_1s_!web-avatar-space-list.avif,这个人没有填简介啊~~~
bili_51840442601,370,https://space.bilibili.com/538681935/,https://i0.hdslb.com/bfs/face/member/noface.jpg@96w_96h_1c_1s_!web-avatar-space-list.avif,这个人没有填简介啊~~~
#NAME?,371,https://space.bilibili.com/398393992/,https://i1.hdslb.com/bfs/face/45d365ec4c66b1d0df84439048ceb59cca9526f3.jpg@96w_96h_1c_1s_!web-avatar-space-list.avif,世界是混沌无序的
bili_88345368250,372,https://space.bilibili.com/3546676161677366/,https://i0.hdslb.com/bfs/face/member/noface.jpg@96w_96h_1c_1s_!web-avatar-space-list.avif,这个人没有填简介啊~~~
bili_61875734301,373,https://space.bilibili.com/1227225976/,https://i0.hdslb.com/bfs/face/member/noface.jpg@96w_96h_1c_1s_!web-avatar-space-list.avif,这个人没有填简介啊~~~
夜_楓,374,https://space.bilibili.com/107812719/,https://i1.hdslb.com/bfs/face/0abc60c75025c29989bd7606fbf7c17307d20568.jpg@96w_96h_1c_1s_!web-avatar-space-list.avif,这个人没有填简介啊~~~
煜鸯er,375,https://space.bilibili.com/355309604/,https://i2.hdslb.com/bfs/face/9e6cb62cf6800aadfc6842708b8889c2aa817779.jpg@96w_96h_1c_1s_!web-avatar-space-list.avif,"这世界美好，愿能锦上添花
（小马乱suai！一定要见到某老师！！"
bili_56640241048,376,https://space.bilibili.com/3493132991728525/,https://i0.hdslb.com/bfs/face/member/noface.jpg@96w_96h_1c_1s_!web-avatar-space-list.avif,这个人没有填简介啊~~~
涵fffc,377,https://space.bilibili.com/3546707138710016/,https://i2.hdslb.com/bfs/face/a024efba6ddbff6f6a7ea8e99da1378323d2479b.jpg@96w_96h_1c_1s_!web-avatar-space-list.avif,这个人没有填简介啊~~~
淡-蓝-色,378,https://space.bilibili.com/85956868/,https://i1.hdslb.com/bfs/face/1b930a97d8b1a9fab559e7b6e8d423209612857a.jpg@96w_96h_1c_1s_!web-avatar-space-list.avif,得不到，就放弃
这是一个冷酷的ID,379,https://space.bilibili.com/360945938/,https://i2.hdslb.com/bfs/face/e28cdbd7ce44f40d6bfcbb8220c2acb054e6e15e.jpg@96w_96h_1c_1s_!web-avatar-space-list.avif,爱和希望是会杀人的乌托邦
eijshfiekw,380,https://space.bilibili.com/171653190/,https://i0.hdslb.com/bfs/face/318897959ee1df7f6a9c46ae47071286a1443226.jpg@96w_96h_1c_1s_!web-avatar-space-list.avif,这个人没有填简介啊~~~
晓之介,381,https://space.bilibili.com/3493276449508010/,https://i2.hdslb.com/bfs/face/a37c9c2fe21efb54b2dce153b671a2ec7144a192.jpg@96w_96h_1c_1s_!web-avatar-space-list.avif,这个人没有填简介啊~~~
妇科圣手阿千,382,https://space.bilibili.com/93646408/,https://i1.hdslb.com/bfs/face/4a9745f6d1be07eac55bb5c61ac7a66bfbb3d53c.jpg@96w_96h_1c_1s_!web-avatar-space-list.avif,既来之，则安之
实木然,383,https://space.bilibili.com/1928131282/,https://i1.hdslb.com/bfs/face/2f680f042e718899bfffb1f32cb0378a1a9b330c.jpg@96w_96h_1c_1s_!web-avatar-space-list.avif,这个人没有填简介啊~~~
温之安,384,https://space.bilibili.com/1828262/,https://i2.hdslb.com/bfs/face/f207c6ec1b3ce2ea1f113a29eb0165885cd7d210.jpg@96w_96h_1c_1s_!web-avatar-space-list.avif,这个人没有填简介啊~~~
狼山烈火照单于,385,https://space.bilibili.com/400635811/,https://i1.hdslb.com/bfs/face/af239f7145ebe7fa0cdfe52b0742bd0916e86b08.jpg@96w_96h_1c_1s_!web-avatar-space-list.avif,这段日子迷惘又黑暗，撑过去了会有下一个黑暗的日子等着你。
给你一颗糖好了,386,https://space.bilibili.com/493158611/,https://i2.hdslb.com/bfs/face/079a4beeb58406b05bb2b26a765b7d0a97186e37.jpg@96w_96h_1c_1s_!web-avatar-space-list.avif,这个人没有填简介啊~~~
creeper_how_NB,387,https://space.bilibili.com/349482026/,https://i2.hdslb.com/bfs/face/2adc9978561d2c1994a28096c94ccd1cbfa9c827.jpg@96w_96h_1c_1s_!web-avatar-space-list.avif,这个人没有填简介啊~~~
济南孔师傅,388,https://space.bilibili.com/487742662/,https://i1.hdslb.com/bfs/face/1664e3ea107c7b9da2c8beed6d611dbf55907fb6.jpg@96w_96h_1c_1s_!web-avatar-space-list.avif,"维修医疗设备 自动化设备  笔记本电脑 触摸一体机 显示器 广告机 工控电脑  显卡 苹果电脑 服务器  招学员 
15806690580"
溺水小鱼国风,389,https://space.bilibili.com/1925265756/,https://i0.hdslb.com/bfs/face/188829776e752dc87df203b815af1ddcb72fb30d.jpg@96w_96h_1c_1s_!web-avatar-space-list.avif,再忙碌也要捕捉日常快乐。
可哒鸭吖_-,390,https://space.bilibili.com/1870866058/,https://i1.hdslb.com/bfs/face/61b0662478a8af167bedb5d31e55012666e73763.jpg@96w_96h_1c_1s_!web-avatar-space-list.avif,让我与你握别，再轻轻地抽出我的手，知道思念从此生根，浮云白日，山川庄严温柔。
弱长风,391,https://space.bilibili.com/74579151/,https://i0.hdslb.com/bfs/face/a774b26fe513d70b8aa9e54c3885d0e25d908f0c.jpg@96w_96h_1c_1s_!web-avatar-space-list.avif,这个人没有填简介啊~~~
杨不是狐小仙,392,https://space.bilibili.com/672015562/,https://i1.hdslb.com/bfs/face/f5134b1ce43867fcc335d74d0cb472fb85946e01.jpg@96w_96h_1c_1s_!web-avatar-space-list.avif,快乐点(*^▽^*)，开心点(*^▽^*)
萌纳土豆,393,https://space.bilibili.com/64938781/,https://i1.hdslb.com/bfs/face/b360a9917240639487cc6d37b7a0292362043cf4.jpg@96w_96h_1c_1s_!web-avatar-space-list.avif,番茄新人新书，目前在更《炸裂！某顶流选手心系恶劣小主播》，笔名：爱睡觉的盼盼，每天晚上七点直播，至于时间...暂定
初恋柾国1997,394,https://space.bilibili.com/179575193/,https://i2.hdslb.com/bfs/face/9da6a5bd811e6ec2096ae3f9dcfa0f0fbe37f72c.jpg@96w_96h_1c_1s_!web-avatar-space-list.avif,BTS JUNGKOOK
NIC______E,395,https://space.bilibili.com/561659131/,https://i1.hdslb.com/bfs/face/6781ce8e9d43394b35b103f0b8898b52e4618587.jpg@96w_96h_1c_1s_!web-avatar-space-list.avif,这个人没有填简介啊~~~
夕颜泪痕757b6,396,https://space.bilibili.com/3493131756505185/,https://i0.hdslb.com/bfs/face/28800dbbc3aace38be4ad03cc8c52cd6fb70c154.jpg@96w_96h_1c_1s_!web-avatar-space-list.avif,这个人没有填简介啊~~~
我是黄泉小姐的修狗汪,397,https://space.bilibili.com/1883587990/,https://i1.hdslb.com/bfs/face/7292ba01168471f3ef4a7b4fb9d267dde09da7c9.jpg@96w_96h_1c_1s_!web-avatar-space-list.avif,这个人没有填简介啊~~~
弱不禁风兽人控,398,https://space.bilibili.com/3211691/,https://i2.hdslb.com/bfs/face/eaa7fc5eb45863c55a4e96680439c06033ff50ae.jpg@96w_96h_1c_1s_!web-avatar-space-list.avif,槐天裴什么时候上岛啊？
揽尽风月o,399,https://space.bilibili.com/1554278138/,https://i2.hdslb.com/bfs/face/99b0554987a7e25a940a48591b03b8e4f79509d6.jpg@96w_96h_1c_1s_!web-avatar-space-list.avif,哥们儿心理素质好得很，就跟没心理素质一样。
粉丝名称,400,页面链接,头像,粉丝个性签名
巴别塔的恶0,401,https://space.bilibili.com/454798890/,https://i0.hdslb.com/bfs/face/75d0454efad1e9f8c7478dd6cd957e2363b7a900.jpg@96w_96h_1c_1s_!web-avatar-space-list.avif,阿巴阿巴
天仙秦叮咚,402,https://space.bilibili.com/3546680196598619/,https://i2.hdslb.com/bfs/face/33559843e4a5f4341f193387bf428a163bf842ad.jpg@96w_96h_1c_1s_!web-avatar-space-list.avif,秦丁咚回响赝品。红色感叹号，是你和我感情结束的信号，可是那些聊天记录却怎么也舍不得删除，因为，那都是你爱过我的证据啊。
权权VVV,403,https://space.bilibili.com/3546387289475093/,https://i2.hdslb.com/bfs/face/885b303ee4aefd8c6b02139ca105a28a58fa7357.jpg@96w_96h_1c_1s_!web-avatar-space-list.avif,这个人没有填简介啊~~~
WH豁免冰,404,https://space.bilibili.com/1197807125/,https://i2.hdslb.com/bfs/face/275cc0e2f19ae3797c4e91ae64ce71cdd94f18fc.jpg@96w_96h_1c_1s_!web-avatar-space-list.avif,汉斯的咖啡到底是什么味道的?
古月林夕雨夜,405,https://space.bilibili.com/327340062/,https://i0.hdslb.com/bfs/face/6219c7e4b96750f7c667d1fc8f49ddfb0f187c43.jpg@96w_96h_1c_1s_!web-avatar-space-list.avif,随波逐流，随风飘荡，随遇而安，随心所欲，随光闪耀，随暗永夜，人生如此美好，人生如戏，人生如棋。天下为盘，你我为棋，又或者只是单纯的牧羊人。
yangzhangshao,406,https://space.bilibili.com/1290458464/,https://i1.hdslb.com/bfs/face/971f7af814c29cd9f12f75281dce68ee7cb5afb2.jpg@96w_96h_1c_1s_!web-avatar-space-list.avif,这个人没有填简介啊~~~
左静娴,407,https://space.bilibili.com/111209146/,https://i1.hdslb.com/bfs/face/e299440ceb55f2ac367754c2a60c739a878a8458.jpg@96w_96h_1c_1s_!web-avatar-space-list.avif,这个人没有填简介啊~~~
黄蓝火,408,https://space.bilibili.com/316729588/,https://i0.hdslb.com/bfs/face/member/noface.jpg@96w_96h_1c_1s_!web-avatar-space-list.avif,这个人没有填简介啊~~~
bili_60584726504,409,https://space.bilibili.com/452344103/,https://i0.hdslb.com/bfs/face/member/noface.jpg@96w_96h_1c_1s_!web-avatar-space-list.avif,这个人没有填简介啊~~~
金坷垃霹雳,410,https://space.bilibili.com/90032380/,https://i1.hdslb.com/bfs/face/a8cfc3cb0411ff7319a7d0456eec1c3f0d004eaf.jpg@96w_96h_1c_1s_!web-avatar-space-list.avif,(????????)谢谢您来看我嗷～
bili_2016625566,411,https://space.bilibili.com/2016625566/,https://i0.hdslb.com/bfs/face/member/noface.jpg@96w_96h_1c_1s_!web-avatar-space-list.avif,这个人没有填简介啊~~~
悲伤的大肠886,412,https://space.bilibili.com/3546614488631511/,https://i0.hdslb.com/bfs/face/348a33c166175e734d85230358f06885043d678c.jpg@96w_96h_1c_1s_!web-avatar-space-list.avif,这个人没有填简介啊~~~
翟帅1942,413,https://space.bilibili.com/35835919/,https://i1.hdslb.com/bfs/face/a8872624b7a01794a843f77bb2264c2f297e3ae6.jpg@96w_96h_1c_1s_!web-avatar-space-list.avif,这个人没有填简介啊~~~
中国赤子心,414,https://space.bilibili.com/1076117992/,https://i0.hdslb.com/bfs/face/member/noface.jpg@96w_96h_1c_1s_!web-avatar-space-list.avif,这个人没有填简介啊~~~
大收藏家团子队长,415,https://space.bilibili.com/7826799/,https://i0.hdslb.com/bfs/face/7ef0a12844ace4b49a3ec6b0aa8da67b91e6ae77.jpg@96w_96h_1c_1s_!web-avatar-space-list.avif,"欢迎你来哦，这个团子爱少战爱玩胶爱收藏，收集就是我的战车道！
随心所欲，喜欢整点不一样的，不定时冒泡更新～以上！"
m145569,416,https://space.bilibili.com/94493365/,https://i0.hdslb.com/bfs/face/member/noface.jpg@96w_96h_1c_1s_!web-avatar-space-list.avif,到角落里去
bili_88802707903,417,https://space.bilibili.com/1334463206/,https://i0.hdslb.com/bfs/face/member/noface.jpg@96w_96h_1c_1s_!web-avatar-space-list.avif,这个人没有填简介啊~~~
五桠果呀,418,https://space.bilibili.com/1917132571/,https://i1.hdslb.com/bfs/face/71b7e0f18590dd61730f8412a8524badc24ca7fd.jpg@96w_96h_1c_1s_!web-avatar-space-list.avif,这个人没有填简介啊~~~
白衣未拾_白衣,419,https://space.bilibili.com/3546378720512076/,https://i0.hdslb.com/bfs/face/bd08e8392a18e2cfdd2d4ab65bd193e4349a3770.jpg@96w_96h_1c_1s_!web-avatar-space-list.avif,目标是500粉丝
听临ovo,420,https://space.bilibili.com/457213098/,https://i0.hdslb.com/bfs/face/1aa9568d5f3350a7288f86c083a7418427d81c51.jpg@96w_96h_1c_1s_!web-avatar-space-list.avif,"人生也许没有意义 我只是不想错过那些微亮的瞬间
随缘直播"
地狱嘶吼,421,https://space.bilibili.com/1903040648/,https://i2.hdslb.com/bfs/face/f164d6f51422813dee7b56c488b867d20d84182c.jpg@96w_96h_1c_1s_!web-avatar-space-list.avif,1991年组建原始乐队，在乐队担任贝斯兼主唱，乐队风格碾核/激流/死亡金属，1997年乐队解散，1998年组建了葬尸乐队和屠夫乐队，风格死敲
88827_晓溯丶,422,https://space.bilibili.com/2105175088/,https://i1.hdslb.com/bfs/face/40f859e88d348a97d980cca5e86ef8bd2cbc2ba8.jpg@96w_96h_1c_1s_!web-avatar-space-list.avif,这个人没有填简介啊~~~
图图好可爱_,423,https://space.bilibili.com/1951979415/,https://i0.hdslb.com/bfs/face/5a1375f46bfb0fb65cca1be9e5dd48689b547d54.jpg@96w_96h_1c_1s_!web-avatar-space-list.avif,曾经发生过的事情不会忘记，只是想不起来而已。
宛飞令月,424,https://space.bilibili.com/1256220881/,https://i2.hdslb.com/bfs/face/3bbdc31ef02d32bfc3294397f0269133f83c61e5.jpg@96w_96h_1c_1s_!web-avatar-space-list.avif,黑暗森林里跳舞的夺笋狂魔女孩
喜丝既控,425,https://space.bilibili.com/1071592961/,https://i2.hdslb.com/bfs/face/c99cb7c1963b9a205744419f4abb13831c4b0419.jpg@96w_96h_1c_1s_!web-avatar-space-list.avif,这个人没有填简介啊~~~
俊呈的山楂味冰可乐,426,https://space.bilibili.com/110479932/,https://i0.hdslb.com/bfs/face/ebc526f927a8cdc085e2beee1005e2ef727b4d5a.jpg@96w_96h_1c_1s_!web-avatar-space-list.avif,1234567  7654321，一觉睡到大天明！
宵待百合,427,https://space.bilibili.com/1919378327/,https://i2.hdslb.com/bfs/face/e7eb3db2b226a793e1fa320f836344c151bbaba0.jpg@96w_96h_1c_1s_!web-avatar-space-list.avif,"一直在努力着学习！小百合的梦想就是创作更优质的作品！
如果你也是300英雄的玩家，小百合可以免费帮你剪辑视频，需要你提供素材给百合哦！"
有人打麻将吗,428,https://space.bilibili.com/1952634802/,https://i1.hdslb.com/bfs/face/0a80478b93e12a7e53ae7f1bb50d65ddfda8e17a.jpg@96w_96h_1c_1s_!web-avatar-space-list.avif,“偷得浮生半日闲，再偷浮生两贯钱”
弫不戳,429,https://space.bilibili.com/516728011/,https://i1.hdslb.com/bfs/face/261f7973ab2270bf2cec4489db7cf656df75e996.jpg@96w_96h_1c_1s_!web-avatar-space-list.avif,这个人没有填简介啊~~~
云夜醉清风,430,https://space.bilibili.com/34196936/,https://i2.hdslb.com/bfs/face/69d3af73cc0ab42fedc79865678d73b837de6d14.jpg@96w_96h_1c_1s_!web-avatar-space-list.avif,这个人没有填简介啊~~~
27摄氏度的临,431,https://space.bilibili.com/3546394264603521/,https://i0.hdslb.com/bfs/face/2d6facff7dcdadee7bcca78d5b39665e47a260d4.jpg@96w_96h_1c_1s_!web-avatar-space-list.avif,这个人没有填简介啊~~~
紫薯味派大星,432,https://space.bilibili.com/476510060/,https://i2.hdslb.com/bfs/face/eb600c2ab72606a36debc43a4555316aac09317f.jpg@96w_96h_1c_1s_!web-avatar-space-list.avif,这个人没有填简介啊~~~
我想爆炒雷神,433,https://space.bilibili.com/226553955/,https://i0.hdslb.com/bfs/face/807ab80338647d6507db15c97aaf4c6b6b8c6921.jpg@96w_96h_1c_1s_!web-avatar-space-list.avif,这个人没有填简介啊~~~
心照望川,434,https://space.bilibili.com/379540726/,https://i1.hdslb.com/bfs/face/7654fc51e8680dfec6510e8180b9c33f48659786.jpg@96w_96h_1c_1s_!web-avatar-space-list.avif,这个人很废，什么也没写
coolphr,435,https://space.bilibili.com/335493837/,https://i0.hdslb.com/bfs/face/member/noface.jpg@96w_96h_1c_1s_!web-avatar-space-list.avif,这个人没有填简介啊~~~
bili_71839341335,436,https://space.bilibili.com/650388314/,https://i0.hdslb.com/bfs/face/member/noface.jpg@96w_96h_1c_1s_!web-avatar-space-list.avif,这个人没有填简介啊~~~
随风行の,437,https://space.bilibili.com/450359244/,https://i0.hdslb.com/bfs/face/1383ae69d4f5180e113deb841b4ada8ce4ee6da3.jpg@96w_96h_1c_1s_!web-avatar-space-list.avif,一个正在努力变强的手搓咸鱼
嫦娥的小兔子2pv,438,https://space.bilibili.com/3546565738236442/,https://i1.hdslb.com/bfs/face/28d0da2ef56472d647889a9049cfaa63491476b8.jpg@96w_96h_1c_1s_!web-avatar-space-list.avif,这个人没有填简介啊~~~
绯色恶魔,439,https://space.bilibili.com/1571672/,https://i2.hdslb.com/bfs/face/0b433c8ca6fe76dd540c61a43e4ba3eeef676a3a.jpg@96w_96h_1c_1s_!web-avatar-space-list.avif,这个人没有填简介啊~~~
-秋-词-,440,https://space.bilibili.com/1418224130/,https://i2.hdslb.com/bfs/face/ea8383dde1cbade0dab66be91f4fdbc9555bf41c.jpg@96w_96h_1c_1s_!web-avatar-space-list.avif,这个人没有填简介啊~~~
爱玩原神の魔怔哥,441,https://space.bilibili.com/3461564243904974/,https://i2.hdslb.com/bfs/face/33cd235fb26a8e8280aec314195070c37fd83639.jpg@96w_96h_1c_1s_!web-avatar-space-list.avif,为什么不给我玩原神？我就要玩原神！把手机还给我呀！不然我直接拿筷子我就塞进。。。
日常失踪的初生,442,https://space.bilibili.com/1364129915/,https://i2.hdslb.com/bfs/face/9165e4ed651f60986c15cda83996506e344ce950.jpg@96w_96h_1c_1s_!web-avatar-space-list.avif,找不到活整了，互关吧
昔日阳炎,443,https://space.bilibili.com/5496341/,https://i2.hdslb.com/bfs/face/340eeac8a4ce56c738b57d69c46f345675713d20.jpg@96w_96h_1c_1s_!web-avatar-space-list.avif,这个人没有填简介啊~~~
清风携伊人,444,https://space.bilibili.com/1557472153/,https://i1.hdslb.com/bfs/face/438657c68bc07497f1e83be841f1afe9a68e1aaa.jpg@96w_96h_1c_1s_!web-avatar-space-list.avif,晴天来了，七里香还会远吗？
Wh1t3N1n39,445,https://space.bilibili.com/202520062/,https://i1.hdslb.com/bfs/face/ccb84532d999818005fe702a8227116add7064a9.jpg@96w_96h_1c_1s_!web-avatar-space-list.avif,这个人没有填简介啊~~~
祈酱ouo,446,https://space.bilibili.com/13230556/,https://i1.hdslb.com/bfs/face/423d38f43fad16019eaee328835d2cfd198c82b6.jpg@96w_96h_1c_1s_!web-avatar-space-list.avif,这个人没有填简介啊~~~
喷火龙漫剪,447,https://space.bilibili.com/3546387151063724/,https://i2.hdslb.com/bfs/face/dc602427f8a136392948c017c16f52632924b4e5.jpg@96w_96h_1c_1s_!web-avatar-space-list.avif,这个人没有填简介啊~~~
凌咲枫,448,https://space.bilibili.com/30014612/,https://i2.hdslb.com/bfs/face/6d02a28425a941012e2533b554592c1ff65e07b6.jpg@96w_96h_1c_1s_!web-avatar-space-list.avif,这个人没有填简介啊~~~
森屿麋鹿屮,449,https://space.bilibili.com/547142372/,https://i2.hdslb.com/bfs/face/64bde99dc87b2c5ae3abc38e9859d73cb0b0e5c3.jpg@96w_96h_1c_1s_!web-avatar-space-list.avif,这个人没有填简介啊~~~
想见刀你,450,https://space.bilibili.com/513314125/,https://i1.hdslb.com/bfs/face/6de999c768ed80d99069ef7ae781d1135dca0e8d.jpg@96w_96h_1c_1s_!web-avatar-space-list.avif,你爱我吗？
书袭人,451,https://space.bilibili.com/504887107/,https://i0.hdslb.com/bfs/face/member/noface.jpg@96w_96h_1c_1s_!web-avatar-space-list.avif,这个人没有填简介啊~~~
连呼吸都在痛,452,https://space.bilibili.com/1139839151/,https://i2.hdslb.com/bfs/face/1a7e61889c709b6ebb4748aecccc44583cdf5027.jpg@96w_96h_1c_1s_!web-avatar-space-list.avif,哪里有光啊，不过是堕落的灰镀了一层金。
彼样的,453,https://space.bilibili.com/1282806304/,https://i1.hdslb.com/bfs/face/efaf9187f6c38c09b5248efa1d2be2f4df71d8d1.jpg@96w_96h_1c_1s_!web-avatar-space-list.avif,这个人没有填简介啊~~~
雪糕睡衣,454,https://space.bilibili.com/349709406/,https://i0.hdslb.com/bfs/face/20386e7b5bba6b2a72ebece43155016dd8784fb6.jpg@96w_96h_1c_1s_!web-avatar-space-list.avif,这个人没有填简介啊~~~
半夏琉璃空z750,455,https://space.bilibili.com/3546384074541969/,https://i0.hdslb.com/bfs/face/f6eadcd054c3e7128c2faaf027dca4e0148dbf30.jpg@96w_96h_1c_1s_!web-avatar-space-list.avif,单身哦
銀ii,456,https://space.bilibili.com/109005052/,https://i1.hdslb.com/bfs/face/cf1ef9c2045e317dfe6dbe8659b6f7a69c7572d5.jpg@96w_96h_1c_1s_!web-avatar-space-list.avif,这个人没有填简介啊~~~
档亲奈小洛洛,457,https://space.bilibili.com/3494351502051701/,https://i2.hdslb.com/bfs/face/7b936de409d93b6dfcfac186c480799234cd3333.jpg@96w_96h_1c_1s_!web-avatar-space-list.avif,这个人没有填简介啊~~~
Chasing-The-Star,458,https://space.bilibili.com/3493091019327848/,https://i2.hdslb.com/bfs/face/d7e6227ac10d69a00ac15bad9ce6395bb162b7ce.jpg@96w_96h_1c_1s_!web-avatar-space-list.avif,此生无悔入欧美音乐，喜欢各种类型音乐，尤其电音，英，日文歌，喜欢绘画，做视频，科学，有许多兴趣。喜欢很多欧美艺人，歌手，DJ，制作人，谢谢！
神木三叶,459,https://space.bilibili.com/272849225/,https://i1.hdslb.com/bfs/face/6bd07860dfb12003577820a14a39ef21d0c92739.jpg@96w_96h_1c_1s_!web-avatar-space-list.avif,这个人没有填简介啊~~~
小楉熙熙,460,https://space.bilibili.com/495708325/,https://i1.hdslb.com/bfs/face/1941ddc7886ac6ef3603b610f9231ff4035b5e32.jpg@96w_96h_1c_1s_!web-avatar-space-list.avif,我在贩卖日落，你像神明一样慷慨地将光洒向我，从此人间被点亮。
KamisakaBi,461,https://space.bilibili.com/316752233/,https://i2.hdslb.com/bfs/face/430264cd941dc1a81da98694817da838258c7867.jpg@96w_96h_1c_1s_!web-avatar-space-list.avif,我女朋友天下第一可爱！！
法森堡共和国,462,https://space.bilibili.com/2032154771/,https://i2.hdslb.com/bfs/face/882cac6fcd32c3ccdb0ee488e55d7f8516ecb807.jpg@96w_96h_1c_1s_!web-avatar-space-list.avif,本人就是以前的World War，
折原臨也drrr,463,https://space.bilibili.com/17000995/,https://i1.hdslb.com/bfs/face/71254498f14353e78c393d4f531f1d290076de10.jpg@96w_96h_1c_1s_!web-avatar-space-list.avif,这个人没有填简介啊~~~
不会玩奶块,464,https://space.bilibili.com/3493107586828864/,https://i1.hdslb.com/bfs/face/57c69e6bba16c701f1002a948d685d47971815b3.jpg@96w_96h_1c_1s_!web-avatar-space-list.avif,这个人没有填简介啊~~~
快乐D小可爱,465,https://space.bilibili.com/270330946/,https://i1.hdslb.com/bfs/face/aad9a754f74662c98f042851258508eac4ddfd79.jpg@96w_96h_1c_1s_!web-avatar-space-list.avif,小可爱们的日常打卡
sxxxJelly,466,https://space.bilibili.com/28762646/,https://i2.hdslb.com/bfs/face/b5d34117670a5796f6bcee4c2fc41f09bb4be47e.jpg@96w_96h_1c_1s_!web-avatar-space-list.avif,这个人没有填简介啊~~~
48251902856_bili,467,https://space.bilibili.com/415573196/,https://i0.hdslb.com/bfs/face/member/noface.jpg@96w_96h_1c_1s_!web-avatar-space-list.avif,这个人没有填简介啊~~~
陈平安道友t,468,https://space.bilibili.com/3494363137051259/,https://i2.hdslb.com/bfs/face/1a70843b82d1e93fb8fecf86a0b664455a558c2b.jpg@96w_96h_1c_1s_!web-avatar-space-list.avif,Q:3371801158
离?,469,https://space.bilibili.com/3546597600267035/,https://i2.hdslb.com/bfs/face/6fac0d4b6bab8c782cd4b427cfcc5e9d9bdf3e94.jpg@96w_96h_1c_1s_!web-avatar-space-list.avif,这个人没有填简介啊~~~
账号已注销,470,https://space.bilibili.com/1303195691/,https://i0.hdslb.com/bfs/face/member/noface.jpg@96w_96h_1c_1s_!web-avatar-space-list.avif,这个人没有填简介啊~~~
培根洒洒水,471,https://space.bilibili.com/1044977111/,https://i2.hdslb.com/bfs/face/a5b894dda9ba6927034f0bd1879ee9342868b23f.jpg@96w_96h_1c_1s_!web-avatar-space-list.avif,这个人没有填简介啊~~~
嘟嘟嘟钟离,472,https://space.bilibili.com/3546558696000482/,https://i2.hdslb.com/bfs/face/12291f26d3207e578b3e9c14825940cf750e3252.jpg@96w_96h_1c_1s_!web-avatar-space-list.avif,我都关注你了 你不来看看我么.
时崎狂三QA1,473,https://space.bilibili.com/183851543/,https://i2.hdslb.com/bfs/face/9dcb8cdb2a7aa8d6b0e2af9e207ebcc08d6de0bc.jpg@96w_96h_1c_1s_!web-avatar-space-list.avif,这个人没有填简介啊~~~
山一程L,474,https://space.bilibili.com/491577259/,https://i1.hdslb.com/bfs/face/1eba177a3d35d8afc2b5dcb3ce9767f7529db422.jpg@96w_96h_1c_1s_!web-avatar-space-list.avif,这个人没有填简介啊~~~
