标题,描述,BV号,播放量,弹幕,评论,时长,上传时间
《崩坏：星穹铁道》走近星穹——「流萤：海洋防火刻不容缓」,"星核猎手中最为恐怖的危险分子，竟然是一位██████哈喽我是银狼。这期做得不错，提出表扬。希望你们节目能保持住这个水准，不要乱说星核猎手的坏话哦。小鸟哥，下次见。█████与特邀嘉宾瓦尔特先生一起走近星核猎手「萨姆」的爆裂人生！
敬请收看星际和平娱乐特别节目《走近星穹》——「流萤：海洋防火刻不容缓」。

中文CV：
叽米——刘北辰
瓦尔特——彭博",BV1u7421d7Yx,1902552,18586,12445,07:34,2024-06-12
《崩坏：星穹铁道》千星纪游PV：「此刻，在同一片星空下」,"「格拉默军规第1条，骑士应为自己的诞生感到荣耀。」

中文CV：
AR-26710 &「萨姆」——宋媛媛&淦子齐
AR-214 &「萨姆」——木子橙&淦子齐
AR-53935 &「萨姆」——斑马&淦子齐
AR-1368 &「萨姆」——金娜&淦子齐

日文CV：
AR-26710 &「萨姆」——楠木灯&笠间淳
AR-214 &「萨姆」——涩谷彩乃&笠间淳
AR-53935 &「萨姆」——草野太一&笠间淳
AR-1368 &「萨姆」——藤原夏海&笠间淳

英文CV：
AR-26710 &「萨姆」——Anale",BV16s421u7NP,3415945,23365,51217,15:32,2024-06-11
《崩坏：星穹铁道》SGF参展视频——「做梦的艺术」,"梦是一种愿望的达成，也是梦者的自我欺骗。

中文CV：
流萤——宋媛媛
开拓者——秦且歌
三月七——诺亚

日文CV：
流萤——楠木灯
开拓者——榎木淳弥
三月七——小仓唯

英文CV：
流萤——Analesa Fisher
开拓者——Caleb Yen
三月七——Skyler Davenport

韩文CV：
流萤——유혜지
开拓者——김명준
三月七——정혜원",BV1GM4m1S7by,2276550,6112,8523,06:21,2024-06-08
《崩坏：星穹铁道》2.3版本「再见，匹诺康尼」前瞻特别节目,"《崩坏：星穹铁道》2.3版本「再见，匹诺康尼」将于2024年6月19日上线，感谢开拓者的支持与陪伴~

本次特别节目中的一切人物、故事、设定仅为节目包装，均与《崩坏：星穹铁道》原作无关，展示画面与奖励等均为研发中内容，非最终上线版本，请以上线版本为准。
本次特别节目中的兑换码将于6月8日 23:59:59失效，记得尽快兑换哦~",BV1XJ4m1g7pA,2743595,38591,9032,34:24,2024-06-07
《崩坏：星穹铁道》2.3版本PV：「再见，匹诺康尼」,"匹诺康尼的开拓之旅迎来了美好的结局，是时候走向下一站了——而在那之前，向身后的不眠之夜做个正式道别吧。

中文CV：
流萤&「萨姆」——宋媛媛&淦子齐 
花火——赵爽
翡翠——张若瑜
知更鸟——钱琛
螺丝咕姆——赵洋

日文CV：
流萤&「萨姆」——楠木灯&笠间淳
花火——上田丽奈
翡翠——三石琴乃
知更鸟——名冢佳织
螺丝咕姆——内田夕夜

英文CV：
流萤&「萨姆」——Analesa Fisher & Adin Rudd 
花火——Lizzie Freeman
翡翠——Faye Mata
知更鸟——A",BV1uJ4m1g73b,2479760,8566,9141,12:01,2024-06-07
《崩坏：星穹铁道》波提欧角色PV——「牛仔很忙」,"他〇的→他宝贝的
草（一种植物）→喵
傻X→小可爱

「这是什么？」
「我改造了一下你的联觉信标，这下耳根应该可以清净不少。」
「？宝贝的小可爱，喵！」

中文CV：
波提欧——彭博

日文CV：
波提欧——小西克幸

英文CV：
波提欧——Andrew Russell

韩文CV：
波提欧——김단",BV1Zr421j73W,5345788,17100,23877,08:58,2024-05-24
《崩坏：星穹铁道》走近星穹——「波提欧：超级无敌爱你」,"星际和平公司的小可爱们！你们以为在你们这喵了个呜呜伯的小节目里面，让那只欠爱的小鸟对老子放些不负责任的香气，是可以不付出任何代价的吗？
把这当作一次警告吧，可爱宝贝们。
敬请收看星际和平娱乐特别节目《走近星穹》——「波提欧：超级无敌爱你」。

中文CV：
叽米——刘北辰
丹恒——李春胤
波提欧——彭博",BV1PZ421x7d3,2892675,9116,8887,06:41,2024-05-22
《崩坏：星穹铁道》遥远星球之歌VOL.3：我在匹诺康尼听音乐,"梦想之地「匹诺康尼」，一座悬于银河的星际酒店。住客们游走于梦境与现实，享受纸醉金迷的奢华生活。
《崩坏：星穹铁道》「匹诺康尼」音乐由HOYO-MiX团队制作。让我们与HOYO-MiX一起走近这个梦想之地以及她幕后的音乐创作故事。",BV1Yw4m197jA,1534033,8945,5369,15:18,2024-05-13
《崩坏：星穹铁道》EP：「希望有羽毛和翅膀」,"希望在我的灵魂中筑巢栖息，
唱着没有词的歌曲，
似乎永远不会停息。

《希望有羽毛和翅膀》
作曲 Composer：王可鑫 Eli.W (HOYO-MiX)
作词 Lyricist：Ruby Qu
编曲 Arranger：王可鑫 Eli.W (HOYO-MiX)
制作人 Producer：王可鑫 Eli.W (HOYO-MiX)
人声 Vocal Artist：Chevy
木吉他 Acoustic Guitar：陈义
电吉他 Electric Guitar：陈义
架子鼓 Drums：眭逸凡Patrick
",BV1Tf421m7iW,7186953,10272,14238,02:58,2024-05-11
《崩坏：星穹铁道》EP：「使一颗心免于哀伤」,"消除一个生命的痛苦，
平息一种酸辛，
帮助一只昏厥的鸟儿回到巢中。

《使一颗心免于哀伤》
作曲 Composer：王可鑫 Eli.W (HOYO-MiX)
作词 Lyricist：黑金雨
编曲 Arranger：王可鑫 Eli.W (HOYO-MiX)
制作人 Producer：王可鑫 Eli.W (HOYO-MiX)
人声 Vocal Artist：Chevy
木吉他 Acoustic Guitar：赵新博
电吉他 Electric Guitar：赵新博
架子鼓 Drums：眭逸凡Patrick
乐队",BV15x4y1i7m9,4442791,6348,9162,03:27,2024-05-09
《崩坏：星穹铁道》走近星穹——「开拓者•同谐：为了从梦中醒来的明天」,"每个人都会有迷路的时候，犹豫不决，不知道该去往哪个方向。它存在于这片梦境中，也存在于梦境之外的任何地方。
但无需害怕，正如人们会感到迷茫，在某个瞬间，他们也会下定决心，做出一个大胆但又了不起的决定……
无论那是镇静的、欢欣的、愤怒的、还是悲伤的，他们需要的只是一道小小的推力，然后就能迈开步伐，走向属于自己的前方。
我把这小小的力量留给你，并期待你将它带给更多的人……
敬请收看星际和平娱乐特别节目《走近星穹》——「开拓者•同谐：为了从梦中醒来的明天」。 

中文CV：
叽米——刘北辰
米沙——柳知萧",BV1e142167MC,3075048,7967,14687,04:54,2024-05-08
《崩坏：星穹铁道》知更鸟角色PV——「孤独摇摆」,"在银河中孤独摇摆，能否使一颗心免于哀伤？
若我不曾见过太阳，又怎会知道希望有羽毛和翅膀？

中文CV：
知更鸟——钱琛 / 歌：Chevy

日文CV：
知更鸟——名冢佳织 / 歌：Chevy

英文CV：
知更鸟——Alice Himora / Song vocals: Chevy

韩文CV：
知更鸟——신온유/ 노래: Chevy",BV1Am411y7iK,8513613,13870,16677,08:46,2024-05-07
《崩坏：星穹铁道》「2024星铁LIVE」演唱会官方录播完整版,浩瀚宇宙以群星谱写璀璨之歌，让我们静心聆听这回荡于银河的动人之声吧～,BV1ZH4y1V7AE,2414874,46770,8646,120:31,2024-05-06
《崩坏：星穹铁道》千星纪游PV：「假若有一双翅膀」,"假若有一双翅膀，我们便会飞向天空
——即使，注定有坠落的那一刻。

不必贪恋永恒，不必畏惧刹那。

中文CV：
知更鸟——钱琛 / 歌：Chevy

日文CV：
知更鸟——名冢佳织 / 歌：Chevy

英文CV：
知更鸟——Alice Himora / Song vocals: Chevy

韩文CV：
知更鸟——신온유/ 노래: Chevy",BV1wz421U7LZ,2813403,9376,7494,15:26,2024-05-03
《崩坏：星穹铁道》走近星穹——「知更鸟：『人生如歌』演唱会火热预售中」,"世界的旋律，是亿万生命的脉搏。
聆听每一次音符跳动，感受那律动将你环绕。
银河分崩离析，唯有音乐能使一颗心免于破碎。
歌颂生命，为世界而歌！知更鸟『人生如歌』演唱会火热预售中！
敬请收看星际和平娱乐特别节目《走近星穹》——「知更鸟：『人生如歌』演唱会火热预售中」。

中文CV：
叽米——刘北辰
星期日——徐翔",BV1cD421M7nj,2360338,8687,5186,06:52,2024-05-01
《崩坏：星穹铁道》演唱会动画CM：「演出开始前」,"群星，因你而共鸣！
2024星穹铁道演唱会将于2024年5月1日19:05进行全球同步直播，敬请期待~

帕姆小贴士：「星铁LIVE」现场检票将从17:00开始，请开拓者妥善安排出行时间。",BV1Dr421u7fQ,4953330,9729,9657,01:47,2024-04-30
《崩坏：星穹铁道》 2.2版本「等醒来再哭泣」前瞻特别节目,"《崩坏：星穹铁道》 2.2版本「等醒来再哭泣」将于2024年5月8日上线，感谢各位开拓者的支持与陪伴~

本次特别节目中的一切人物、故事、设定仅为节目包装，均与《崩坏：星穹铁道》原作无关，展示画面与奖励等均为研发中内容，非最终上线版本，请以上线版本为准。
兑换码将于4月27日23:59:59失效，各位开拓者记得尽快兑换哦~",BV1nF4m1w7tw,3130889,38042,7037,35:04,2024-04-26
《崩坏：星穹铁道》2.2版本PV：「等醒来再哭泣」,"记忆是梦的开场白，忘却是梦的谢幕礼。

中文CV：
姬子——林簌
星期日——徐翔
波提欧——彭博
知更鸟——钱琛
流萤——宋媛媛

日文CV：
姬子——田中理惠
星期日——大冢刚央
波提欧——小西克幸
知更鸟——名冢佳织
流萤——楠木灯

英文CV：
姬子——Cia Court
星期日——Griffin Puatu
波提欧——Andrew Russell
知更鸟——Alice Himora
流萤——Analesa Fisher

韩文CV：
姬子——김보나
星期日——강성우
波提欧——김단
知更鸟——신온",BV1BD421J7o1,4874956,8522,12789,10:10,2024-04-26
《崩坏：星穹铁道》走近星穹——「砂金：硬币到底在哪只手里？」,"一枚筹码，也许只有几克重，但若放到天秤之上，却有左右局势的千钧之力。筹码在赌徒的指间，如同命运的钥匙，轻轻抛起、落下，心跳如金石交击，在刹那间决算天堂与地狱。
（星际和平娱乐提醒您：珍爱生活，远离赌博。）
敬请收看星际和平娱乐特别节目《走近星穹》——「砂金：硬币到底在哪只手里？」。

中文CV：
叽米——刘北辰
真理医生——桑毓泽",BV16m411B7yW,1853482,10454,8210,06:51,2024-04-17
《崩坏：星穹铁道》砂金角色PV——「金手指」,"「在矫揉造作的背后最终大多都隐藏着什么，即便它在开始并不存在。」

中文CV：
砂金——杨超然

日文CV：
砂金——河西健吾

英文CV：
砂金——Camden Sutkowski

韩文CV：
砂金——박준원",BV12x421m7K9,5213401,20956,19160,08:59,2024-04-16
「决战！大宇宙开拓豪侠传」电影预告,"恐怖大王从天而降，人类处于危机边缘。

命运的决战一触即发，
行于开拓之命途的豪侠挺身而出。

规则，是用来打破的！

最新银河幻想特摄电影
「决战！大宇宙开拓豪侠传」
2024年4月1日全球震撼不上映。

领衔主演（排名不分先后）：
帕姆——帕姆&最终决战兵器究极超霸机动合体开拓勇者号
呜呜伯——可靠的右肩甲
叽米——优雅的左肩甲 
钟表小子——护住真心的胸甲
谛听——谛听的微笑盾牌
星穹列车——阿基维利的水果刀
制作人——制作人
3D角色组组长——3D角色组组长
战斗策划组组长——战斗策划组组长
城镇",BV1qf421o7Cu,4406670,26232,19566,14:22,2024-04-01
《崩坏：星穹铁道》走近星穹——「加拉赫：少喝饮料多喝水」,"他是治安官中最擅长调制饮品的，也是调饮师中最擅长匡扶正义的。他不仅能调制出让你眉毛倒竖的神奇饮品，还能一边旋转标准摇壶，一边将坏人抽得如陀螺般旋转！
敬请收看星际和平娱乐特别节目《走近星穹》——「加拉赫：少喝饮料多喝水」。

中文CV：
叽米——刘北辰",BV1Zu4m1T718,1484922,2742,7233,04:04,2024-03-28
《崩坏：星穹铁道》走近星穹——「黄泉：又一场雨，一 ㄋ 宀 匚 」,"「          ，            ，                      一一    ，  『  』、  『  』…  『  』。」

中文CV：
叽米——刘北辰
黑天鹅——杨梦露",BV1Y1421D7Cx,2575833,7206,8643,06:49,2024-03-27
《崩坏：星穹铁道》黄泉角色PV——「你的颜色」,"「该启程了。此世如雨而逝，终归大地，希望再见时…已是天晴。」

中文CV：
黄泉——菊花花
花火——赵爽

日文CV：
黄泉——泽城美雪
花火——上田丽奈

英文CV：
黄泉——Allegra Clark
花火——Lizzie Freeman

韩文CV：
黄泉——박지윤
花火——성예원",BV1Ri421X7sS,7966943,33664,27182,11:28,2024-03-26
《崩坏：星穹铁道》千星纪游PV：「虚谭•浮世三千一刀缭断」,"两颗行星交织着彼此悲惨的宿命，天岩户间散落着一段故去的歌谣。
那歌谣无始无终、无声无息，来自无人之口，传往无人之耳。它如是写道：

高天原万里迢迢一如出云，原乃是极乐净土天成地平。
天地变漆黑大日引动潮汐，似迁徙众神垂迹来势沄沄。
八百万祸神显世屠戮无情，怎料想无上权柄反遭窃行。
出云国折剑七万三十三柄，铸为尊护世诏刀一十二名。

其一为「真」，斩「都牟刈神」所铸，可令凡人遍观法理，解构万象再造神迹；
其二为「天」，斩「天常立尊」所铸，可令高天变作墙垣，祸津众神穿行维艰；
其三为「鸣」，斩「建御雷神」所铸",BV16m411R78H,5625619,27401,33581,16:14,2024-03-22
《崩坏：星穹铁道》动画短片：「永劫轮舞」,"两颗行星交织着彼此悲惨的宿命，围绕一轮漆黑的大日跳着永恒的轮舞。

最初，其中一颗行星孕育出了人类，他们俯首，将脚下的土地唤作「出云」；又抬头，指天上的世界为「高天原」。
于史无载的某日，「八百万神」自高天原垂迹。以神为名的恶兽使天穹倾覆、海川燃烧、大地崩毁——人们惊觉，那并非是为了统治、支配或掠夺的入侵，凶神仅为猎杀而来。

存亡之际，出云踏上「神刈」的道路，穷举国之力斩落大祸「都牟刈神」，将其兽体锻造成最初的「诏刀」。
以彼之道还施彼身，通过吟诵蕴含于刀身中的真言，持刀者便可将高天原的神业握在手中，以",BV1aC411h7e6,7129075,25288,32633,20:42,2024-03-19
《崩坏：星穹铁道》 2.1版本「狂热奔向深渊」前瞻特别节目,"《崩坏：星穹铁道》 2.1版本「狂热奔向深渊」将于2024年3月27日上线，感谢开拓者的支持与陪伴~

本次特别节目中的一切人物、故事、设定仅为节目包装，均与《崩坏：星穹铁道》原作无关，展示画面与奖励等均为研发中内容，非最终上线版本，请以上线版本为准。
兑换码将于3月17日 23:59:59失效，记得尽快兑换哦~",BV1eD421E7Vi,2951773,55884,11376,80:55,2024-03-16
《崩坏：星穹铁道》2.1版本PV：「狂热奔向深渊」,"在欢庆中泪湿，哀悼中欢笑，于最辛酸的糖浆中品出狂人的美梦。

中文CV：
加拉赫——马语非
黄泉——菊花花
砂金——杨超然

日文CV：
加拉赫——三上哲
黄泉——泽城美雪
砂金——河西健吾

英文CV：
加拉赫——Erik Braa
黄泉——Allegra Clark
砂金——Camden Sutkowski

韩文CV：
加拉赫——박상훈
黄泉——박지윤
砂金——박준원",BV1Hr421n7h1,4905844,9585,9649,11:53,2024-03-16
《崩坏：星穹铁道》走近星穹——「花火：技能解说稿（标题记得改）」,"原来视频简介还要主持人自己来写，好麻烦啊随便填点什么好了。敬请收看星际和平娱乐特别节目《走近星穹》——「花火：技能解说稿（标题记得改）」。

中文CV：
叽米——刘北辰
桑博——刘圣博
花火——赵爽",BV1oZ421C73X,2823683,9034,7659,07:15,2024-02-29
《崩坏：星穹铁道》花火角色PV——「独角戏」,"「这世界上根本没有不麻烦的人哦？」

「陪我一起把全部都搅乱的话，我就让你成为我的东西吧。」

中文CV：
花火——赵爽

日文CV：
花火——上田丽奈

英文CV：
花火——Lizzie Freeman

韩文CV：
花火——성예원",BV1mW421A7nM,12567331,30936,35897,08:21,2024-02-28
《崩坏：星穹铁道》千星纪游PV：「《花火》：幕后纪录」,"当你察觉这只是一场戏，便想离开这个舞台……
却发现《花火》的舞台之外，什么也没有。

中文CV：
花火——赵爽

日文CV：
花火——上田丽奈

英文CV：
花火——Lizzie Freeman

韩文CV：
花火——성예원",BV1cC411W7pH,5316686,21329,22819,11:18,2024-02-25
《崩坏：星穹铁道》EP：「飞来波的圣状（下篇）」,实质上，不妨说，梦不就是一种向错失的现实致敬的行为吗？,BV1F6421u7MP,1676202,3061,3654,03:23,2024-02-21
《崩坏：星穹铁道》EP：「飞来波的圣状（上篇）」,人的欲望必须通过否定而得到满足，而爱意味着把你没有的东西给一个不想要的人。,BV1Eu4m1P7PW,1921086,3494,4413,03:38,2024-02-16
《崩坏：星穹铁道》钟表小子系列动画：「欢迎来到美梦小镇！」,"聪明勇敢的钟表小子开始了冒险之旅！
滴答！可恶的石头老板不怀好意，
滴答！总想把钟表小子置于险地；
但请别担心，滴答——
钟表小子有智慧、钟表小子有勇气！
钟表小子和可靠的伙伴们一起，
会保护美梦，会将坏人赶出去！",BV1H2421c7sX,3269260,11098,8749,04:43,2024-02-13
《崩坏：星穹铁道》动画短片：「太平临新岁」,"新岁始临，万象兴荣。长乐天的街道一角，公输师傅与他的两名助手正为仙舟太平乐的表演忙到不可开交。

中文CV：
公输师傅——邹亮
桂乃芬——小敢
素裳——陈婷婷
景元——孙晔
丹恒——李春胤
青雀——刘十四

日文CV：
公输师傅——近藤浩德
桂乃芬——直田姬奈
素裳——福圆美里
景元——小野大辅
丹恒——伊东健人
青雀——伊达朱里纱

英文CV：
公输师傅——Michael Sorich
桂乃芬——Morgan Lauré
素裳——Anjali Kunapaneni
景元——Alejandro Saab
",BV1oy42187PK,3145064,23943,11168,15:26,2024-02-08
《崩坏：星穹铁道》走近星穹——「米沙：您的盛会之星小帮手」,"欢迎来到「白日梦」酒店。在您初入这场██时，可能会遇到些许困扰。为此，██特地安排了贴心的门童米沙，作为您在梦境之旅中的████。如您需要任何帮助，请与米沙██，他将确保您的████。
敬请收看星际和平娱乐特别节目《走近星穹》——「██：您的██之星███」。

中文CV：
叽米——刘北辰",BV19p421d76F,1463968,6707,9111,05:47,2024-02-07
米哈云游研发纪录片——开启无边界的游戏世界,「技术宅拯救世界」——这是我们一直在贯彻的使命。,BV1DZ421z71n,1171142,12347,7456,07:38,2024-02-07
《崩坏：星穹铁道》走近星穹——「黑天鹅：命运啊，你往何处去？」,"银河中一切雄浑的「历史」，都是无数渺小「记忆」的汇编。世事流转、沧海桑田、兴亡更迭，在她的眼中如无形的纱线，穿过命运的机杼，编织成未来的质料。
敬请收看星际和平娱乐特别节目《走近星穹》——「黑天鹅：命运啊，你往何处去？」。

中文CV：
叽米——刘北辰
花火——赵爽",BV176421u7o1,1976963,6837,7498,07:33,2024-02-06
《崩坏：星穹铁道》黑天鹅角色PV——「摇篮曲」,"「大兔子病了，二兔子瞧。三兔子买药，四兔子熬。」
「五兔子死了，六兔子抬。七兔子挖坑，八兔子埋。」
「九兔子坐下哭起来，十兔子问它为什么？」
「九兔子说，五兔子一去不回来。」

中文CV：
黑天鹅——杨梦露
女开拓者——陈婷婷

日文CV：
黑天鹅——生天目仁美
女开拓者——石川由依

英文CV：
黑天鹅——Arryn Zech
女开拓者——Rachael Chau

韩文CV：
黑天鹅——김하영
女开拓者——김하루",BV1St421W7V1,3120307,8208,7453,08:04,2024-02-05
《崩坏：星穹铁道》星穹研习会04期——「走近梦境」,"梦境世界为我们提供了一个充满想象力与真实感的空间，没有人能从我们身上夺走这样奇妙的体验。

本期嘉宾：
中国科学院大学神经生物学博士 唐骋（鬼谷藏龙）
诺贝尔生理学或医学奖获得者，挪威心理学家、神经学家 爱德华·莫泽",BV1m6421G7bn,1542193,9530,3688,14:07,2024-02-03
《崩坏：星穹铁道》千星纪游PV：「旧梦重温」,"一件失物，一声巨响，一缕冥火……
记忆的洪流奔涌而过，盈满整座星球
——在盛会开始前，有些秘密已被沉入海底。

中文CV：
黑天鹅——杨梦露
知更鸟——钱琛 

日文CV：
黑天鹅——生天目仁美
知更鸟——名冢佳织

英文CV：
黑天鹅——Arryn Zech
知更鸟——Alice Himora

韩文CV：
黑天鹅——김하영
知更鸟——신온유",BV1FZ421z7PE,2803039,7892,7425,10:30,2024-02-01
紧急爆料！匹诺康尼幕后秘闻大公开！,"如今匹诺康尼发来邀请，停驻在仙舟的步伐即将再度启程。
这场开拓之旅的前方会有什么样的惊喜？
今天我们来到米哈游，走近《崩坏：星穹铁道》项目组。
从游戏的创作者口中，挖掘出这个世界背后的故事——",BV1DV411S7Mh,2989241,26814,8497,14:48,2024-01-30
《崩坏：星穹铁道》「不眠之夜」舞蹈MV,"新的旅程即将开启，「盛会之星」匹诺康尼——在金色的美梦中享受假日吧！

中文演唱者：张杰",BV1Se411Y7ZE,3939248,5986,6327,02:15,2024-01-28
开云！星穹铁道,"《云•星穹铁道》网页版与安卓端将于2月6日正式上线！
开拓者每版本登录《云•星穹铁道》，即可领取10小时的免费时长。",BV1ta4y1C76q,1087124,1871,2684,03:09,2024-01-27
《崩坏：星穹铁道》 2.0版本「假如在午夜入梦」前瞻特别节目,"《崩坏：星穹铁道》 2.0版本「假如在午夜入梦」将于2024年2月6日上线，感谢各位开拓者的支持与陪伴~

本次特别节目中的一切人物、故事、设定仅为节目包装，均与《崩坏：星穹铁道》原作无关，展示画面与奖励等均为研发中内容，非最终上线版本，请以上线版本为准。
兑换码将于1月27日 23:59:59失效，记得尽快兑换哦~",BV15N4y1J75R,3909863,55511,12667,53:20,2024-01-26
《崩坏：星穹铁道》OP：「不眠之夜」,"梦境里那个声音笑着说：「带我离开。」
但我却亲手杀死了睡眠、忘记了时间。

中文演唱者：张杰

英文演唱者：Jake Miller",BV1me411n7eu,36440491,36916,89917,03:20,2024-01-26
《崩坏：星穹铁道》美梦预告PV：「了不起的塔塔洛夫」,"「幸会，异乡的来访者。我名为莎塔娜，想和您谈一个条件……」
「您问为什么能听懂我说的话？呃，您不是有那什么『联觉信标』吗？」

*视频中莎塔娜的声音由特殊联觉信标翻译而成。
*更多剧情敬请期待1月26号的2.0版本前瞻特别节目。

中文CV：
莎塔娜：秦紫翼
姬子：林簌
流萤：宋媛媛
桑博：刘圣博

日文CV：
莎塔娜：内山夕实
姬子：田中理惠
流萤：楠木灯
桑博：平川大辅

英文CV：
莎塔娜：Elizabeth Maxwell
姬子：Cia Court
流萤：Analesa Fisher
桑博：Rog",BV1VC4y1k7dy,4454328,11751,10304,06:15,2024-01-24
《崩坏：星穹铁道》匹诺康尼旅游宣传动画：「滴答！一起来梦游吧！」,"谁能想到呢？在广袤的星空中，还有这样一个奇妙的地方：
这里的人们闭上了眼睛，夜半却无一人入眠；
这里的城市金迷纸醉，钱物却被视作秽土。

各位尊贵的来宾，欢迎来到「匹诺康尼」——跟上你们有趣的向导「钟表小子」，和我们一同踏入这颗无与伦比的美梦之星！

中文CV：
钟表小子——秦且歌
仓鼠球骑士——Kinsen

日文CV：
钟表小子——柳晃平
仓鼠球骑士——风间万裕子

英文CV：
钟表小子——Niko Gerentes
仓鼠球骑士——Jacob Craner

韩文CV：
钟表小子——이주승
仓鼠球骑士",BV1iC4y1C7KV,4087785,19475,13972,13:54,2024-01-21
《崩坏：星穹铁道》千星纪游PV：「永火一夜：第33场」,"第33场。
内景。永火官邸——夜。毁灭。
炽热的火焰说道：「美梦燃烧了我的花朵，我的死亡。」

中文CV：
冥火大公——孟祥龙
「调音师」阿卡什——赵梓涵
「书吏」杜布拉——苏子芜
「枷锁」卡翠娜——李蝉妃
「大丽花」康士坦丝——阮从青

日文CV：
冥火大公——丹泽晃之
「调音师」阿卡什——新垣樽助
「书吏」杜布拉——野口瑠璃子
「枷锁」卡翠娜——三瓶由布子
「大丽花」康士坦丝——佐佐木未来

英文CV：
冥火大公——Bob Johnson
「调音师」阿卡什——Talon Warburton
「书吏」杜",BV1UK411e7tY,5315755,19311,32121,12:31,2024-01-19
《崩坏：星穹铁道》走近星穹——「真理医生：我有知识我自豪」,"你还在为闲暇时间无聊，只能刷手机解闷而苦恼吗？你还在担心自己的知识面太窄，难以适应世异时移的变化吗？你是否发现自己在课本之外，对现实的了解太少，不能应对复杂多样的社会？别担心！真理医生为你带来知识，突破迷障！学真理，用真理，我有知识我自豪！

敬请收看星际和平娱乐特别节目《走近星穹》——「真理医生：我有知识我自豪」。

中文CV：
叽米——刘北辰
螺丝咕姆——赵洋",BV1q5411e7wm,1699576,5483,3441,06:00,2024-01-17
《崩坏：星穹铁道》真理医生角色PV——「愚不可及」,"提问前不如先想一想，你的答案是不是已经先于问题确定？
这种问题不问出口，对大家都好。

中文CV：
真理医生——桑毓泽
旁白——李程远

日文CV：
真理医生——武内骏辅
旁白——浜田治贵

英文CV：
真理医生——Jordan Paul Haro
旁白——Bob Johnson

韩文CV：
真理医生——이동훈
旁白——오해성",BV1ok4y1Q7Am,4528028,16189,9642,07:23,2024-01-12
《崩坏：星穹铁道》走近星穹——「雪衣：偃偶少女会不会受伤」,"封藏着神降时代秘药丹方的玉兆落入谁手？这背后又隐藏着怎样的惊天阴谋？能揭开重重迷雾的，只有那位神秘的偃偶判官！一切尽在《不适合人偶的职业》！
（本期节目由仙舟文学网独家赞助播出）
敬请收看星际和平娱乐特别节目《走近星穹》——「雪衣：偃偶少女会不会受伤」。

中文CV：
叽米——刘北辰
雪衣——溯浔",BV1Ea4y1z7pE,1267181,2016,3469,03:58,2023-12-29
《崩坏：星穹铁道》走近星穹——「模拟宇宙：黄金与机械」特别节目,"号外！号外！模拟宇宙全新资料片《黄金与机械》更新在即！今天，本节目有幸再次邀请到天才俱乐部成员——#81阮•梅女士，为我们带来全新DLC一手情报以及超前试玩体验。

中文CV：
叽米——刘北辰
阮•梅——张文钰",BV1de411i7ed,1344029,3774,4125,08:07,2023-12-28
《崩坏：星穹铁道》走近星穹——「阮•梅：玩模拟宇宙就是要吃阮饭」,"在刷出阮•梅事件的刹那，你的心脏中瞬间充盈了无尽的幸福。你仿佛再也不会忧愁，余生都将陷在永恒的狂喜之中。你忍不住高喊着、跳跃着、欢笑着，仿若孩童。当你终于沉静下来时，你低声说道「谢谢阮•梅」。你知道她会听到。
敬请收看星际和平娱乐特别节目《走近星穹》——「阮•梅：玩模拟宇宙就是要吃阮饭」。

中文CV：
叽米——刘北辰
黑塔——侯小菲
阮•梅——张文钰",BV15i4y1h79i,1597925,5269,6694,06:14,2023-12-27
《崩坏：星穹铁道》阮•梅角色PV——「万物生」,"「唇齿最为敏感，糕点要评得上筹，只要一小口的机会。」
「我偏爱鲜果花木等时令原材，定格在片刻的生命仪态，更易引起多巴胺反应。」

中文CV：
阮•梅——张文钰

日文CV：
阮•梅——大西沙织

英文CV：
阮•梅——Emi Lo

韩文CV：
阮•梅——윤여진",BV1rj411J7sN,3628141,10087,9178,07:26,2023-12-26
《崩坏：星穹铁道》千星纪游PV：「阮声落华裳，梅出似点妆」,"煮水沁眉，绣枕华发，轻拢微火烤，
烤那信中淡意多多，浓情少少。
落笔点枝，湖水蘸绿，
她抹去一指琼绸碎玉，冰雪玎玲，
旧章皆烬。

中文CV：
阮•梅——张文钰

日文CV：
阮•梅——大西沙织

英文CV：
阮•梅——Emi Lo

韩文CV：
阮•梅——윤여진",BV1pb4y1V7Qw,4458526,18959,17880,12:34,2023-12-22
《崩坏：星穹铁道》1.6版本「庸与神的冠冕」前瞻特别节目,"《崩坏：星穹铁道》1.6版本「庸与神的冠冕」将于2023年12月27日上线，感谢各位开拓者的支持与陪伴~

本次特别节目中的一切人物、故事、设定仅为节目包装，均与《崩坏：星穹铁道》原作无关，展示画面与奖励等均为研发中内容，非最终上线版本，请以上线版本为准。
兑换码将于12月16日23:59:59失效，记得尽快兑换哦~",BV1si4y1e7GL,4060269,80285,15810,37:14,2023-12-15
《崩坏：星穹铁道》1.6版本PV：「庸与神的冠冕」,"庸与天才，人性与神。于黄金年代察觉，一生斗争皆为荒谬的瞬间。

中文CV：
阮•梅：张文钰
真理医生：桑毓泽
黑塔：侯小菲
冥火大公：孟祥龙

日文CV：
阮•梅：大西沙织
真理医生：武内骏辅
黑塔：山崎遥
冥火大公：丹泽晃之

英文CV：
阮•梅：Emi Lo
真理医生：Jordan Paul Haro
黑塔：PJ Mattson
冥火大公：Bob Johnson

韩文CV：
阮•梅：윤여진
真理医生：이동훈
黑塔：김서영
冥火大公：이주승",BV1zj411p7KH,3678298,13088,11298,11:18,2023-12-15
《崩坏：星穹铁道》TGA参选视频：「常看常新的故事」,"那些人，那些事，初见如故，常看常新。
在各位开拓者的支持下，《崩坏：星穹铁道》荣获“TGA 2023 最佳移动游戏”。你的陪伴就是这个故事继续下去的意义。

中文CV：
黑天鹅——杨梦露
黄泉——菊花花

日文CV：
黑天鹅——生天目仁美
黄泉——泽城美雪

英文CV：
黑天鹅——Arryn Zech
黄泉——Allegra Clark

韩文CV：
黑天鹅——김하영
黄泉——박지윤",BV1qb4y1L7mD,2947918,7337,10851,06:38,2023-12-08
《崩坏：星穹铁道》走近星穹——「寒鸦：杜绝加班，远离魔阴」,"大多数人能行走在光明之中，是因为有人在黑暗中为他们保驾护航。今天的主角就是这样一位黑暗中的守护者。为了仙舟的黎民苍生，她不得不加班、加班、加班、再加班。
敬请收看星际和平娱乐特别节目《走近星穹》——「寒鸦：杜绝加班，远离魔阴」。

中文CV：
叽米——刘北辰",BV1DN411L7bm,1259962,2021,2170,05:03,2023-12-07
《崩坏：星穹铁道》走近星穹——「银枝：花瓣去哪儿了？」,"寻人启事：寻找一位高贵、美丽的红发骑士。其人谈吐风雅，身手不凡，曾在星穹列车内洒下大量难以清扫的玫瑰花瓣，致使列车长不得不加班大扫除。若能提供此人线索，星穹列车必有重赏。
敬请收看星际和平娱乐特别节目《走近星穹》——「银枝：花瓣去哪儿了？」。

中文CV：
叽米——刘北辰
帕姆——蒋丽
银枝——梁达伟",BV1zu4y1g7x8,1310305,3656,4431,05:02,2023-12-06
《崩坏：星穹铁道》银枝角色PV——「骑士文学」,"不打算守约的人，订约的时候也不会计较困难。
而没有真正信仰的愚者认为，一切都是命中注定。

中文CV：
银枝——梁达伟        
三月七——诺亚                
帕姆——蒋丽                                        

日文CV：
银枝——立花慎之介
三月七——小仓唯
帕姆——长泽美树
瓦尔特——细谷佳正

英文CV:
银枝——Adam Michael Gold
三月七——Skyler Davenport
帕姆——Christine Sposat",BV1JH4y117k5,4537880,10273,12013,08:10,2023-12-01
《崩坏：星穹铁道》走近星穹——「藿藿：战胜恐惧的唯一办法…逃跑！」,"寒风瑟瑟、鬼影森森；五浊恶世、魔阴横行。直面各种邪恶与恐惧，并勇敢与之对抗的，竟然是一个…看恐怖片都会吓破胆的女孩？这究竟是人性的闪光，还是道德的崇高？
敬请收看星际和平娱乐特别节目《走近星穹》——「藿藿：战胜恐惧的唯一办法…逃跑！」。

中文CV：
叽米——刘北辰
藿藿——葛子瑞
尾巴——刘北辰",BV1Lu411F7Q8,1868384,4722,4574,05:57,2023-11-15
《崩坏：星穹铁道》藿藿角色PV——「回魂夜」,"「尾巴、尾巴！救救，救救！」
「关我屁事…喂！干什么，你们这些小杂碎，只有老子才可以凶她。」

中文CV：
藿藿——葛子瑞
尾巴——刘北辰
桂乃芬——小敢

日文CV：
藿藿——长绳麻理亚
尾巴——平林刚
桂乃芬——直田姬奈

英文CV:
藿藿——Courtney Lin
尾巴—— Adam Michael Gold
桂乃芬——Morgan Lauré

韩文CV：
藿藿——김채린
尾巴——한복현
桂乃芬——김수영",BV1mj411E7eB,6423599,11561,11837,08:20,2023-11-14
《崩坏：星穹铁道》千星纪游PV：「绥园伏鬼记」,"世间如有恶鬼出现，十王判官便会下山擒伏。
执旗呼号，书符降召，以驱赶鬼怪邪恶，保生灵平安。
且说那日，小小判官接了法旨，要受命伏魔……

中文CV：
尾巴——刘北辰
藿藿——葛子瑞
小道士（藿藿 饰演）——葛子瑞
僵尸（雪衣 饰演）——溯浔
女鬼（寒鸦 饰演）——张雨曦


日文CV：
尾巴——平林刚
藿藿——长绳麻理亚
小道士（藿藿 饰演）——长绳麻理亚
僵尸（雪衣 饰演）——河濑茉希
女鬼（寒鸦 饰演）——铃代纱弓

英文CV：
尾巴—— Adam Michael Gold
藿藿——Courtney ",BV1Xw411K7Mg,4828359,6894,6817,08:36,2023-11-10
《崩坏：星穹铁道》走近星穹——「桂乃芬：锣鼓一响，好戏开场！」,"小女背井离故乡，遨游四海行八方。养尊处优无所长，说书唱戏赚银两。舞棍棒、耍刀枪，诸般兵刃列在旁。弹弦唱、咏兰章，少吃瓜子多鼓掌。今日来到金人巷，那便是——
敬请收看星际和平娱乐特别节目《走近星穹》——「桂乃芬：锣鼓一响，好戏开场！」。

中文CV：
叽米——刘北辰
桂乃芬——小敢",BV1oN411u7iT,1560649,3281,2797,04:07,2023-11-05
《崩坏：星穹铁道》 1.5版本「迷离幻夜谈」前瞻特别节目,"《崩坏：星穹铁道》1.5版本「迷离幻夜谈」将于2023年11月15日上线，感谢各位开拓者的支持与陪伴~

本次特别节目中的一切人物、故事、设定仅为节目包装，均与《崩坏：星穹铁道》原作无关，展示画面与奖励等均为研发中内容，非最终上线版本，请以上线版本为准。
兑换码将于11月4日23:59:59失效，各位开拓者记得尽快兑换哦~",BV1TG411y78s,2058177,27403,4526,32:11,2023-11-03
《崩坏：星穹铁道》1.5版本PV：「迷离幻夜谈」,"幽府来使，列车怪客…航行在深黯的夜空，怪谲诡秘之事总是不期降临。

中文CV：
银枝——梁达伟                        
三月七——诺亚                        
桂乃芬——小敢
素裳——陈婷婷                        
藿藿——葛子瑞                        
被附身的冥差——金娜

日文CV：
银枝——立花慎之介
三月七——小仓唯
桂乃芬——直田姬奈                
素裳——福圆美里
藿藿——长绳麻",BV1Uu4y1h7RG,2917637,4732,4034,11:26,2023-11-03
《崩坏：星穹铁道》走近星穹——「托帕&账账：债务优化，迎面变局」,"欢迎加盟星际和平公司贸易体系！「战略投资部」托帕总监可以帮助您促进传统特色产业转型升级、以贸易同盟作为纽带为产品赋能、实现地区经济可持续增长！
敬请收看星际和平娱乐特别节目《走近星穹》——「托帕&账账：债务优化，迎面变局」。

中文CV：
叽米——刘北辰
账账——陆敏悦
托帕——陆敏悦",BV1D84y1R7Uc,1692649,4367,4959,06:59,2023-10-27
《崩坏：星穹铁道》托帕&账账角色PV——「专家教学」,"「托帕」
定级：P45
所属：星际和平公司>战略投资部>重大事务组>不良资产清算专家

综合绩效评定 第8位

中文CV：
托帕——陆敏悦
账账——陆敏悦
叽米——刘北辰
桑博——刘圣博
黑塔——侯小菲
艾丝妲——龟娘

日文CV：
托帕——南条爱乃
账账——陆敏悦
叽米——名村幸太朗
桑博——平川大辅
黑塔——山崎遥
艾丝妲——赤崎千夏

英文CV：
托帕——Sam Slade
账账——陆敏悦
叽米——Bill Butts
桑博——Roger Rose
黑塔——PJ Mattson
艾丝妲——Felec",BV1kN4y1r7AL,4386079,10585,8656,07:50,2023-10-26
崩跑吧，开拓者！,"秋天的第一次崩跑，和帕姆一起跑步帕~

崩坏：星穹铁道×Keep联动活动将于10月26日10:00开启。",BV1Gg4y1d7bi,1314953,2475,2864,04:00,2023-10-25
《崩坏：星穹铁道》千星纪游PV：「星际和平导览：甄选、规划和机遇」,"嘿，你！没错，我们正在找你。
琥珀王的巨锤已经落下，无人能够置身事外……

中文CV：
叽米——刘北辰

日文CV：
叽米——名村幸太朗

英文CV：
叽米——Bill Butts

韩文CV：
叽米——강호철",BV1ny4y1P7SN,3262004,9419,10980,12:10,2023-10-22
《崩坏：星穹铁道》走近星穹——「镜流：名师出高徒」,"她，曾是罗浮剑首，如云翳障空，卫蔽仙舟；她，曾是云上五骁，盗月光一线，无罅飞光…后来她身堕魔阴，受云骑围剿，不知所踪。如今她再次归来，究竟是敌是友？
敬请收看星际和平娱乐特别节目《走近星穹》——「镜流：名师出高徒」。


中文CV：
叽米——刘北辰
景元——孙晔
彦卿——喵酱",BV1iu411K75L,2008905,7545,6183,06:03,2023-10-11
《崩坏：星穹铁道》镜流角色PV——「剑出无回」,"下次相会时…不知是敌是友，是生是死？
下次相会时…彼时彼刻是否亦如此时此刻？
下次相会时…天上的星星，我定会斩下。

中文CV：
镜流——杜冥鸦

日文CV：
镜流——桑岛法子

英文CV：
镜流——AmaLee

韩文CV：
镜流——박이서",BV1vw411r7yL,6375706,21738,14745,07:28,2023-10-10
《崩坏：星穹铁道》现实邀约PV：「一起出去玩嘛！」,"「走啦走啦，一起出去玩嘛！」
列车环游记•成都站到站！《崩坏：星穹铁道》携手成都文旅，邀请开拓者与三月七、青雀一起前往四川成都，走街串巷吃喝玩乐，跟随视频一起出发吧！

中文CV：
三月七——诺亚",BV15H4y1o75F,2610891,4401,6860,01:42,2023-10-08
《崩坏：星穹铁道》千星纪游PV：「云骑武经•说剑」,"「『直之无前，举之无上，案之无下，运之无旁。上决浮云，下绝地纪。』…这便是我汲汲所求的剑。」
「可这样的剑，世间真的存在吗？」

剑，长三尺七寸，轻如无物。
它并非凡铁熔铸，而是一截坚冰凝成，幽幽含光，如握一线月光在手。
中文CV：
镜流——杜冥鸦
彦卿——喵酱

日文CV：
镜流——桑岛法子
彦卿——井上麻里奈

英文CV：
镜流——AmaLee
彦卿——Amber May

韩文CV：
镜流——박이서
彦卿——이새아",BV12N4y1o7ET,4563877,19096,11491,09:48,2023-10-06
《崩坏：星穹铁道》1.4版本「冬梦激醒」前瞻特别节目,"《崩坏：星穹铁道》1.4版本「冬梦激醒」版本将于2023年10月11日上线，感谢各位开拓者的支持与陪伴~

本次特别节目中的一切人物、故事、设定仅为节目包装，均与《崩坏：星穹铁道》原作无关，展示画面与奖励等均为研发中内容，非最终上线版本，请以上线版本为准。

兑换码将于9月30日12:00:00失效，各位开拓者记得尽快兑换哦~",BV1XH4y1m7f2,3070684,51585,8821,41:02,2023-09-29
《崩坏：星穹铁道》1.4版本PV：「冬梦激醒」,"一场梦魇的惊醒，一场久别的欢聚…阴霾消散，覆雪下的往事随霜而来。

中文CV：
托帕——陆敏悦
镜流——杜冥鸦
布洛妮娅——谢莹
乔瓦尼——赵梓涵
掘掘博士——胡艺

日文CV：
托帕——南条爱乃
镜流——桑岛法子
布洛妮娅——阿澄佳奈
乔瓦尼——坂卷学
掘掘博士——江尻拓己

英文CV：
托帕——Sam Slade
镜流——AmaLee
布洛妮娅——Madeline Reiter
乔瓦尼——Jason Marnocha
掘掘博士——Samuel Drake

韩文CV：
托帕——방시우
镜流——박이서
",BV1U34y1G73e,2966180,5592,5466,11:52,2023-09-29
《崩坏：星穹铁道》星穹研习会03期——「预测未来」,"视兆问玄，极数知来。
仙舟「罗浮」之上的「太卜司」，以符玄为首的卜者们用近乎玄学的演算方式预测事物未来的可能性。
而在现实生活中，人类是否真正能够做到预测未来呢？",BV1sk4y1c7U3,1087075,7696,3296,12:50,2023-09-24
《崩坏：星穹铁道》TGS参展视频：「掌中宇宙」,"沿着掌心的纹路，那些发生的事、遇见的人、走过的路都仿佛能够找到行迹。
而最重要的是——它还将继续。

中文CV：
托帕——陆敏悦",BV1by4y1F7dx,1407318,2443,4618,01:49,2023-09-22
《崩坏：星穹铁道》走近星穹——「玲可：大的药来了！」,"在贝洛伯格城外，总有人目击到一个娇小的身影在无尽的风雪之中穿行。这位娇小的少女究竟是谁？是传说中的「贝洛伯格雪原人」？是阿丽萨•兰德的裂界残像？真相究竟是什么……
敬请收看星际和平娱乐特别节目《走近星穹》——「玲可：大的药来了！」。

CV：
叽米——刘北辰
玲可——米糊",BV1A34y1N7cD,1257495,2774,3524,04:03,2023-09-21
星穹铁道教你0基础做美食,"星穹铁道保姆级教学，教你0基础做美食！相信自己，你一定会有所收获！赶紧跟着视频操作，开启你的美食练习吧！

崩坏：星穹铁道×肯德基联动活动将于9月22日开启。星穹开拓，美味启航帕！",BV1ty4y1F7mU,3349872,14768,8832,01:46,2023-09-20
《崩坏：星穹铁道》走近星穹——「符玄：世纪难题之下任将军究竟何时赴任？」,"太卜司太卜符玄，凭额间法眼，仰知天文俯察地理，前知五百年后知五百年，却竟也有无法计算出结果的难题？这难题究竟是什么？
敬请收看星际和平娱乐特别节目《走近星穹》——「符玄：世纪难题之下任将军究竟何时赴任？」。

CV：
叽米——刘北辰
青雀——刘十四
符玄——花玲",BV1tw411e7ux,2062209,9494,8865,06:14,2023-09-20
《崩坏：星穹铁道》符玄角色PV——「法眼无遗」,"不卜人事、不卜福祸、不卜己身。
不诚不占、不义不占、不习不占。

中文CV：
符玄——花玲
青雀——刘十四

日文CV：
符玄——伊藤美来
青雀——伊达朱里纱

英文CV：
符玄——Sarah Wiedenheft
青雀——Bryn Apprill

韩文CV：
符玄——이지현
青雀——서다혜",BV1R94y1W7pL,5846454,23626,14269,07:40,2023-09-15
《崩坏：星穹铁道》走近星穹——「模拟宇宙：寰宇蝗灾」特别节目,"今天，本节目有幸邀请到天才俱乐部#83黑塔女士，带来「模拟宇宙」全新资料片《寰宇蝗灾》的一手情报以及新版本模拟宇宙的试玩体验。

CV：
叽米——刘北辰
黑塔——侯小菲",BV1fF41167RN,1909031,6997,12824,08:58,2023-09-06
《崩坏：星穹铁道》走近星穹——「丹恒•饮月：神秘男子的隐藏实力」,"他背负沉重的过往，远走他乡，如今却衣锦荣归，再立于重渊之上。那张俊俏的脸庞之下，究竟隐藏着何种力量，那双坚毅的双眼之中，又隐藏着多少悲伤……
敬请收看星际和平娱乐特别节目《走近星穹》——「丹恒•饮月：神秘男子的隐藏实力」。

CV：
叽米——刘北辰
三月七——诺亚
丹恒•饮月——李春胤",BV1qN4y1R7cu,1734171,7520,8158,05:48,2023-08-30
《崩坏：星穹铁道》动画短片：「玄黄」,"星历4800年，会持明五脉盟于玉阙，载书誓曰：金石可铄，此誓不破。——《仙舟通鉴•五龙远徙》
星历7379年，饮月君丹枫衅乱，危及若木。云骑会持明龙师共击之。——《仙舟通鉴•云骑战事纪要》

「荡荡龙君，受天至灵。云行雨施，品物流形。」
……
他梦见自己膺承职责，舞雩如仪，封印建木。
他梦见自己踏足锋镝流坠的战场，自天降罚。
他梦见自己被玉柱牵锁，长针贯身，镇入黑暗。
他梦见自己在黑暗中徘徊无措，被逡巡的影子追逐。
……
在所有梦中，他是龙，是英雄，是罪囚，唯独不是和他们一样有着爱恨悲欢的人。

出品：m",BV1Th4y1S7KF,6323901,28453,28028,23:01,2023-08-29
《崩坏：星穹铁道》千星纪游PV：「仙舟通鉴•五龙远徙」,"「祂绘出一个完美的圆，如命运般周而复始，从来处来，到去处去。」

中文CV：
「龙师」涛然——许棕哲
「执笔者」奥本海默——李程远

日文CV：
「龙师」涛然——上别府仁资
「执笔者」奥本海默——伊藤有希

英文CV：
「龙师」涛然——Daman Mills
「执笔者」奥本海默——Frank Todaro

韩文CV：
「龙师」涛然——김용
「执笔者」奥本海默——구지원",BV1nu4y1D7Ex,3794541,11461,15763,12:21,2023-08-27
《崩坏：星穹铁道》丹恒•饮月角色PV——「归去来」,"「前生种种，对我来说就像陌生的影子，看不真切，却亦步亦趋。」
「我很难描述那种感觉，但可以肯定的是，我不是任何人的影子。」

中文CV：
丹恒•饮月——李春胤
幻胧——黄莺

日文CV：
丹恒•饮月——伊东健人
幻胧——日野由利加

英文CV：
丹恒•饮月——Nicholas Leung
幻胧——Tara Langella

韩文CV：
丹恒•饮月——김혜성
幻胧——유보라",BV1dF411C77c,5583823,21918,20455,07:13,2023-08-25
《崩坏：星穹铁道》Gamescom参展视频：「神策府总司一切大小事务将军」,"「太卜大人？」
「嘘。让她睡会儿吧，太卜大人暂代将军职责，已经三天没合眼了……」

CV：
符玄——花玲
青雀——刘十四
玲可——米糊
素裳——陈婷婷",BV13p4y1K7Qn,2049919,5242,6736,01:56,2023-08-23
《崩坏：星穹铁道》1.3版本「天镜映劫尘」前瞻特别节目,"《崩坏：星穹铁道》1.3版本「天镜映劫尘」版本将于2023年8月30日上线，感谢各位开拓者的支持与陪伴~

本次特别节目中的一切人物、故事、设定仅为节目包装，均与《崩坏：星穹铁道》原作无关，展示画面与奖励等均为研发中内容，非最终上线版本，请以上线版本为准。

兑换码将于8月19日12:00:00失效，各位开拓者记得尽快兑换哦~",BV1SX4y1W7fi,2446647,34775,8192,28:09,2023-08-18
《崩坏：星穹铁道》1.3版本PV：「天镜映劫尘」,"玉镜高悬于天，映照劫余尘寰。即便星移斗转，往昔的灾影也未曾消散。

中文CV：
驭空——钟可
符玄——花玲
丹恒•饮月——李春胤
黑塔——侯小菲

日文CV：
驭空——冬马由美
符玄——伊藤美来
丹恒•饮月——伊东健人
黑塔——山崎遥

英文CV：
驭空——Dawn M. Bennett
符玄——Sarah Wiedenheft
丹恒•饮月——Nicholas Leung
黑塔——PJ Mattson

韩文CV：
驭空——전숙경
符玄——이지현
丹恒•饮月——김혜성
黑塔——김서영",BV1CG411f7Aq,3620527,7630,8426,11:20,2023-08-18
《崩坏：星穹铁道》千星纪游PV：「耶佩拉叛乱：第47场」,"第47场。
内景。耶佩拉宫——黄昏。毁灭。
女人微笑着看向审判席，迎接他们的判词……

中文CV：
卡芙卡——徐慧
萨姆——淦子齐
耶佩拉罚判者——赵梓涵

日文CV：
卡芙卡——伊藤静
萨姆——笠间淳
耶佩拉罚判者——藤井启辅

英文CV：
卡芙卡——Cheryl Texiera
萨姆——Adin Rudd
耶佩拉罚判者——Steven Kelly

韩文CV：
卡芙卡——사문영
萨姆——장서화
耶佩拉罚判者——장서화",BV1Nu411H7C6,5107794,22753,22738,12:10,2023-08-13
《崩坏：星穹铁道》走近星穹——「卢卡：义肢打拳是否犯规？」,"他在下城区掀起风暴！穿过每条街道，观众奔走相告；八角笼中喧闹，对手绝望哀嚎；他的红发燃烧，他的铁拳狂暴，善人为他尖叫，恶党只能逃跑！
敬请收看星际和平娱乐特别节目《走近星穹》——「卢卡：义肢打拳是否犯规？」。

CV：
叽米——刘北辰
卢卡——萧翟",BV1Tj41167WW,1020999,3242,3396,05:02,2023-08-10
《崩坏：星穹铁道》走近星穹——「卡芙卡：西装丽人的另一面」,"她，优雅而神秘；她，将人心玩弄于股掌之间；她，在银河中恶名昭彰…看似危险的女人，却有着出人意料的另一面……
敬请收看星际和平娱乐特别节目《走近星穹》——「卡芙卡：西装丽人的另一面」。

CV：
叽米——刘北辰
姬子——林簌
卡芙卡——徐慧",BV1L14y1q7ox,2268665,9296,10000,04:32,2023-08-09
《崩坏：星穹铁道》卡芙卡角色PV——「戏剧性反讽」,"制造「恐惧」是她的专长，即便她对「恐惧」一无所知。

中文CV：
卡芙卡——徐慧

日文CV：
卡芙卡——伊藤静

英文CV：
卡芙卡——Cheryl Texiera

韩文CV：
卡芙卡——사문영",BV1MN41187U6,12318903,51113,35755,08:11,2023-08-08
《崩坏：星穹铁道》遥远星球之歌VOL.2：仙舟的音乐戏法,"仙舟「罗浮」是仙舟联盟的六大座舰之一，它漂航于无尽的星海中，如无回的神矢射向「巡猎」之主的宿敌。
《崩坏：星穹铁道》仙舟「罗浮」音乐由HOYO-MiX团队制作。让我们与HOYO-MiX一起走近幕后的音乐创作故事。",BV1Rp4y1V7Jq,1894183,7963,6932,11:56,2023-07-23
《崩坏：星穹铁道》EP：「水龙吟」,"无光的幽暗中，
他仿佛回到持明卵中，
在波涛与幻梦里辗转来去。

《水龙吟》
出品：HOYO-MiX	
制作人：林一凡Fan (HOYO-MiX)
作曲：林一凡Fan (HOYO-MiX)
作词：邪叫教主
编曲：文驰Vinchi (HOYO-MiX)
混音&母带制作：宫奇Gon (HOYO-MiX)
歌手：优素
古琴：方静宇 Jingyu Fang
弦乐：龙之艺交响乐团 Art of Loong Orchestra
人声录音棚：奕和录音棚 YiHe Studio
器乐录音棚：升赫录音棚 Soundhub ",BV1EF411X7PF,14333096,19993,30745,03:12,2023-07-20
《崩坏：星穹铁道》走近星穹——「刃：永生者的美景」,"通缉要犯现身罗浮，竟似乎与当今罗浮将军颇有渊源？他为何而痛苦、为何而挣扎、为何而战斗？此番归来意欲何为？求而不得的美景又是什么？
敬请收看星际和平娱乐特别节目《走近星穹》——「刃：永生者的美景」。

CV：
叽米——刘北辰
卡芙卡——徐慧
刃——刘以嘉",BV1Nx4y1d7aj,2161514,5147,7291,04:39,2023-07-19
《崩坏：星穹铁道》刃角色PV——「死兆将至」,"「听，亡灵在说话。」  

中文CV：
刃——刘以嘉

日文CV：
刃——三木真一郎

英文CV：
刃——Daman Mills

韩文CV：
刃——곽윤상",BV12h4y1j7Pw,13599794,34791,98937,07:53,2023-07-14
《崩坏：星穹铁道》1.2版本「仙骸有终」前瞻特别节目,"《崩坏：星穹铁道》1.2版本「仙骸有终」版本将于2023年7月19日上线，感谢各位开拓者的支持与陪伴~

本次特别节目中的一切人物、故事、设定仅为节目包装，均与《崩坏：星穹铁道》原作无关，展示画面均为研发中内容，非最终上线版本。",BV1SP411C7Dt,2810782,42856,7238,29:08,2023-07-08
《崩坏：星穹铁道》1.2版本PV：「仙骸有终」,"万物终有尽头，毋论仙凡。这绝非不仁的天罚，而是宽赦。

中文CV：
卡芙卡——徐慧
刃——刘以嘉
景元——孙晔
彦卿——喵酱
丹恒——李春胤
幻胧——黄莺


日文CV：
卡芙卡——伊藤静
刃——三木真一郎
景元——小野大辅
彦卿——井上麻里奈
丹恒——伊东健人
幻胧——日野由利加

英文CV：
卡芙卡——Cheryl Texiera
刃——Daman Mills
景元——Alejandro Saab
彦卿——Amber May
丹恒——Nicholas Leung
幻胧——Tara Langella

",BV1xg4y1P75E,6129831,10937,10157,13:17,2023-07-08
《崩坏：星穹铁道》走近星穹——「驭空：罗浮司舵竟曾是飙车族」,"她，如何从飙车族蜕变为罗浮司舵？她，年轻时的叛逆为何消失无踪？在司舵大人的内心深处隐藏着怎样的秘密？这一切究竟是命运的嘲弄，还是成长的阵痛？
敬请收看星际和平娱乐特别节目《走近星穹》——「驭空：罗浮司舵竟曾是飙车族」。

CV：
叽米——刘北辰
驭空——钟可",BV1S14y127Mz,1284134,1751,3379,03:16,2023-06-29
《崩坏：星穹铁道》走近星穹——「罗刹：棺材中的隐秘」,"一位携带棺材的神秘商人，一段扑朔迷离的诡异过往…他随身的棺材中究竟藏着什么？为何无人知晓其真相？是恐惧的避讳，还是好奇的戒备？
敬请收看星际和平娱乐特别节目《走近星穹》——「罗刹：棺材中的隐秘」。

CV：
叽米——刘北辰
素裳——陈婷婷
罗刹——赵路",BV1XV4y1y7mT,1763007,5986,10195,04:51,2023-06-28
《崩坏：星穹铁道》罗刹角色PV——「行者明誓」,"凡失去的，必将归来。
凡夺取的，必将偿还。


中文CV：
罗刹——赵路

日文CV：
罗刹——石田彰

英文CV：
罗刹——Craig Lee Thomas

韩文CV：
罗刹——신용우",BV1PV4y1y77C,4871124,16746,23549,07:26,2023-06-23
《崩坏：星穹铁道》SGF参展视频：「宇宙游戏」,"年轻的「银河冒险玩家」这么说道——
游戏就只是为了游戏，仅此而已！

CV：
银狼——Hanser
三月七——诺亚
驭空——钟可
卢卡——萧翟",BV1zz4y1v7r8,1659851,1907,4412,01:44,2023-06-09
《崩坏：星穹铁道》走近星穹——「银狼：宇宙第一天才骇客！」,"宇宙第一天才骇客银狼小姐向全银河喊话：有意愿与银狼对决的骇客诸君，请在任何时间、任何地点向银狼发起网络进攻，银狼愿意随时应战。
敬请收看普罗米修斯娱乐特别节目《走近星穹》——「银狼：宇宙第一天才骇客！」。

CV：
叽米——刘北辰
普罗米修斯「朋友」——Hanser
银狼——Hanser",BV1gu4y1Z7cu,2348778,5418,8614,04:31,2023-06-07
《崩坏：星穹铁道》银狼角色PV——「有点意思」,"「卡芙卡，你这几个意思？」
「没什么意思，也就稍微意思意思。」

中文CV：
银狼——Hanser

日文CV：
银狼——阿澄佳奈

英文CV：
银狼——Melissa Fahn

韩文CV：
银狼——장미",BV15o4y1u7pH,7113814,23256,20416,06:52,2023-06-02
《崩坏：星穹铁道》1.1版本PV：「银河漫游」,"或游戏其中，或漫游行走，这片银河容得下任何可能。


中文CV：
银狼——Hanser
黑塔——侯小菲
佩拉——宴宁
三月七——诺亚
罗刹——赵路
驭空——钟可
镜流——杜冥鸦

日文CV：
银狼——阿澄佳奈
黑塔——山崎遥
佩拉——诸星堇
三月七——小仓唯
罗刹——石田彰
驭空——冬马由美
镜流——桑岛法子

英文CV：
银狼——Melissa Fahn
黑塔——PJ Mattson
佩拉——Xanthe Huynh
三月七——Skyler Davenport
罗刹——Craig Lee Thomas
",BV1XT41147q3,5072456,4792,11715,11:27,2023-05-27
《崩坏：星穹铁道》1.1版本「银河漫游」前瞻特别节目,"《崩坏：星穹铁道》1.1版本「银河漫游」将于2023年6月7日上线，感谢各位开拓者的支持与陪伴。愿此行，终抵群星！
本次特别节目中的一切人物、故事、设定仅为节目包装，均与《崩坏：星穹铁道》原作无关，展示画面均为研发中内容，非最终上线版本。",BV1Xu411W7Sp,2990110,30797,15801,29:53,2023-05-26
《崩坏：星穹铁道》走近星穹——「景元：闭目将军睁眼的真相」,"他，凭钢铁神躯抵御寿瘟；他，以无遗妙算守护仙舟；他，闭目藏睛却能决胜千里！「闭目将军」为何突然睁眼？是敌寇犯境，还是罗浮生变？
敬请收看星际和平娱乐特别节目《走近星穹》——「景元：闭目将军睁眼的真相」。

CV：
叽米——刘北辰
符玄——花玲
景元——孙晔",BV17s4y1M7bn,2206420,6633,14626,05:25,2023-05-17
《崩坏：星穹铁道》景元角色PV——「天地为枰」,"善弈者不囿于方寸，当以天地为枰，星辰作子。进退俯仰，皆是谋局。

中文CV：
景元——孙晔
彦卿——喵酱

日文CV：
景元——小野大辅
彦卿——井上麻里奈

英文CV：
景元——Alejandro Saab
彦卿——Amber May

韩文CV：
景元——류승곤
彦卿——이새아",BV11z4y187KN,8837440,28200,25607,08:15,2023-05-13
《崩坏：星穹铁道》动画短片：「飞光」,"星历7380年，前代罗浮剑首「镜流」身堕魔阴，云骑聚星槎海战之，不知其所踪。——《仙舟通鉴•云骑战事纪要》
星历8096年，神策府演武考校，士卒彦卿得魁，擢拔骁卫。——《神策府通录》

「飞光飞光，劝尔一杯酒。」
飞光，是师徒间交错的剑锋，是天地间汹涌的时间。
究竟过去多久了呢？
与师父的交锋，已是七百多年前的往事了，却像在昨天。
遇到眼前的孩子，收他做弟子，大概不过几年，却恍如隔世。
时间如野马、如掣电、如剔骨钢刀穿肠而过，却又一切如故。

出品：miHoYo Anime
联合制作：幻想师动画、Stud",BV16g4y157Zc,9368758,26106,35076,18:09,2023-05-10
《崩坏：星穹铁道》千星纪游PV：「仙舟通鉴•帝弓七天将」,"星汉做关河，张弓奏棹歌。
军锋和金柝，破阵仗神戈。
前途迢递孱颜险，旌旆蔽天讨寿魔。

中文CV：
公输师傅——邹亮
景元——孙晔
罗刹——赵路

日文CV：
公输师傅——近藤浩德
景元——小野大辅
罗刹——石田彰

英文CV：
公输师傅——Michael Sorich
景元——Alejandro Saab
罗刹——Craig Lee Thomas

韩文CV：
公输师傅——김용
景元——류승곤
罗刹——신용우",BV19o4y1x7tX,6105646,29232,20008,16:23,2023-05-07
《崩坏：星穹铁道》列车环游记 • 黟县站,"粉墙黛瓦，烟霞百里。
《崩坏：星穹铁道》携手世界文化遗产安徽西递、宏村景区，邀请开拓者共同感受徽派建筑文化之美。",BV1Qh411L7ES,949315,2686,3114,05:48,2023-05-06
《崩坏：星穹铁道》星穹研习会02期——「畅想银河」,"宇宙中有无数的星球，无尽的故事，无限的可能。即便仍被重力束缚，人类对未知的畅想永远不会停歇。

本期嘉宾：
剑桥大学、苏黎世联邦理工学院教授 迪迪尔·奎罗兹",BV1Xo4y1x7t9,1087491,4762,6223,10:57,2023-05-05
《崩坏：星穹铁道》千星纪游PV：「有关星空的寓言集•其一」,"「无数流星划过今夜的天空…如果选中了正确的那一颗，它将把你的愿望带向千百个世界。」

中文CV：
「忆者」黑天鹅——杨梦露

日文CV：
「忆者」黑天鹅——生天目仁美

英文CV：
「忆者」黑天鹅——Arryn Zech

韩文CV：
「忆者」黑天鹅——김하영",BV1EM4y1h7Vm,7437779,18884,22766,15:51,2023-05-03
《崩坏：星穹铁道》遥远星球之歌VOL.1：雅利洛-Ⅵ,"雅利洛-Ⅵ，被冰霜包围近千年的白色星球。在「存护」星神的护佑下，人类建立了抵御严寒的最后堡垒贝洛伯格。此处虽受风雪侵凌，却依旧温暖。

《崩坏：星穹铁道》「雅利洛-Ⅵ」音乐由HOYO-MiX团队制作。让我们与HOYO-MiX一起走近这座「存护之城」以及她幕后的音乐创作故事。",BV1sz4y1h7iM,1297716,5112,5246,16:18,2023-05-02
《崩坏：星穹铁道》走近星穹——「瓦尔特：重返一线育新苗」,"瓦尔特先生曾积极投身拯救人类的光荣事业，展现英雄风采。如今又踏上「开拓」之路，引领航向，彰显不凡才智。他曾为世界而战，命运再召，他将肩负使命，更创新篇。
敬请收看星际和平娱乐特别节目《走近星穹》——「瓦尔特：重返一线育新苗」。

CV：
叽米——刘北辰
瓦尔特——彭博",BV1Lc411T78x,2926119,3834,8545,03:27,2023-05-01
《崩坏：星穹铁道》启程庆典,"《崩坏：星穹铁道》启程庆典由米哈游miHoYo & HOYO-MiX出品。

银河广袤寂静，也孕育了无数美好。此刻，如果您仰望星空，看见那深邃黑暗中若隐若现的点点微芒，便会知晓，那高远无穷的璀璨正是我们共同的期冀。
愿此行，终抵群星。 

观看提醒：本视频可能会引发光敏性癫痫患者的不适反应，建议观众谨慎观看。",BV1Cg4y1L7fC,3398105,15733,12016,34:57,2023-04-30
《崩坏：星穹铁道》走近星穹——「克拉拉：警惕人工智能」,"机械聚落首领为何帮女孩整理发型？女孩为何光脚走路？人机之间的不解情缘，背后隐藏着怎样的秘密？人工智能会给人类带来福祉还是灾难？
敬请收看星际和平娱乐特别节目《走近星穹》——「克拉拉：警惕人工智能」。

CV：
叽米——刘北辰
克拉拉——紫苏九月
史瓦罗——王宇航",BV1uk4y1n7aj,2749293,4195,8189,03:55,2023-04-30
《崩坏：星穹铁道》走近星穹——「布洛妮娅：下任大守护者不能说的秘密」,"下任大守护者身陷下城区，引得民间流言蜚语四起。是「地火」的绑架，还是继承人的叛逆？黑暗中的真相究竟是……
敬请收看星际和平娱乐特别节目《走近星穹》——「布洛妮娅：下任大守护者不能说的秘密」。

CV：
叽米——刘北辰
布洛妮娅——谢莹",BV1dL411h7v8,1912633,2761,4435,03:19,2023-04-29
《崩坏：星穹铁道》走近星穹——「希儿：离奇消失的地火奇人」,"反抗军成员为何离奇消失？神秘的蝴蝶究竟有何寓意？「反抗军骨干」的身份下又隐藏着怎样的真容？
敬请收看星际和平娱乐特别节目《走近星穹》——「希儿：离奇消失的地火奇人」。

CV：
叽米——刘北辰
布洛妮娅——谢莹
希儿——唐雅菁",BV1Eh4y1n7iw,1906153,3819,5896,04:33,2023-04-27
《崩坏：星穹铁道》OP：「星间旅行」,"把星球当作沿途站台，去开拓一个时代。
这旅途危机多过意外，但星辰唾手可摘。",BV1rh4y1n77f,15477447,15460,40787,03:26,2023-04-25
《崩坏：星穹铁道》开服寄语「CV篇」,"踏着漫天繁星，列车即将启航。认真筹备列车工作的帕姆收取到一段来自远方的神秘视频信号。
在《崩坏：星穹铁道》即将发车之际，未曾谋面的伙伴们也有些话想要传达给开拓者！速来和帕姆一起听听帕~
愿此行，终抵群星！",BV1gP411U71v,1937204,25895,6558,11:22,2023-04-24
《崩坏：星穹铁道》希儿角色PV——「一夜无事」,"贝洛伯格的夜，谎言藏不住恨怨。那女人冷着眼，旁观发生的一切。
贝洛伯格的夜，谎言灭不了火焰。她最后的笑容，预示着黎明将现。

中文CV：
希儿——唐雅菁
布洛妮娅——谢莹

日文CV：
希儿——中原麻衣
布洛妮娅——阿澄佳奈

英文CV：
希儿——Molly Zhang
布洛妮娅——Madeline Reiter

韩文CV：
希儿——송하림
布洛妮娅——이보희",BV1bh411E7SQ,10551383,6341,12633,06:00,2023-04-23
直面危机，星穹铁道做了一个艰难的决定,"2023年4月20日，星穹铁道发车在即，回溯往昔，我们做了一个艰难的决定。
小编采访了参与项目的员工，分享他们的想法......",BV1ho4y1j7Ps,2758753,20989,8569,08:03,2023-04-20
《崩坏：星穹铁道》星穹研习会01期——「走出家园」,"《崩坏：星穹铁道》星穹研习会第1期——「走出家园」

被星空的引力点燃，人类浩荡前行。

本期嘉宾：
科技影视博主TIM
中国科学院理学博士、河南大学物理电子学院教授戴树玺",BV1as4y127qn,1432635,9640,5845,10:52,2023-04-18
《崩坏：星穹铁道》杰帕德角色PV——「以朗道之名」,"《崩坏：星穹铁道》杰帕德角色PV——「以朗道之名」

「你将捍卫贝洛伯格与她的人民，不计任何代价——绝不要辜负你应守护的人们，勿令朗道家蒙羞！」

中文CV：
杰帕德——马洋

日文CV：
杰帕德——古川慎

英文CV：
杰帕德——Bryson Baugus

韩文CV：
杰帕德——민승우",BV1G24y1A7CF,2345074,2667,3834,05:52,2023-04-17
《崩坏：星穹铁道》姬子角色PV——「追星星的人」,"《崩坏：星穹铁道》姬子角色PV——「追星星的人」

距离繁星更近的每一步，都是「开拓」的收获，也是这段旅程的意义。

中文CV：
姬子——林簌

日文CV：
姬子——田中理惠",BV1tT411W7T9,4286506,5334,10035,05:39,2023-04-10
《崩坏：星穹铁道》前瞻特别节目,《崩坏：星穹铁道》将于2023年4月26日开启全平台公测，欢迎各位开拓者登上星穹列车，一同享受开拓的旅途！,BV1ms4y1S7Q4,2409877,30308,11899,48:13,2023-03-24
来，快上车！,"来，快上车！

星穹列车即将启航，某位开拓者上车的原因竟是……
（本视频表现经过夸张化处理，与一切真实人物、事件、团体、组织均无关联。）",BV13m4y1k7au,1184830,2989,8195,03:19,2023-03-24
《崩坏：星穹铁道》彦卿角色PV——「锋寒砺淬」,"《崩坏：星穹铁道》彦卿角色PV——「锋寒砺淬」

「试探就到此为止了。万剑，天来！」

中文CV：
彦卿——喵酱

日文CV：
彦卿——井上麻里奈",BV12Y411e7jQ,4891388,5010,7165,04:53,2023-02-17
《崩坏：星穹铁道》白露角色PV——「天干物燥」,"《崩坏：星穹铁道》白露角色PV——「天干物燥」

天干物燥，小心上火。内燥外调，外燥内养。要是都燥，就得吃药！

中文CV：
白露——多多

日文CV：
白露——加藤英美里",BV1n84y1G7HE,7436309,6509,9686,06:22,2023-02-10
《崩坏：星穹铁道》跃迁PV：「太空喜剧」,"《崩坏：星穹铁道》跃迁PV：「太空喜剧」

命途之上，从伟大到可笑，只有一步之遥。

中文CV：
瓦尔特——彭博
姬子——林簌

日文CV：
瓦尔特——细谷佳正
姬子——田中理惠",BV1fA411R7pq,11095209,12949,17697,07:30,2023-01-24
《崩坏：星穹铁道》剧情PV：「见证者」,"《崩坏：星穹铁道》剧情PV：「见证者」

银河里有数不清的下一站。我等只是过客，是一段故事的见证者。


中文CV：
开拓者——秦且歌
姬子——林簌
瓦尔特——彭博
丹恒——李春胤
布洛妮娅——谢莹
卡芙卡——徐慧
符玄——花玲

日文CV：
开拓者——榎木淳弥
姬子——田中理惠
瓦尔特——细谷佳正
丹恒——伊东健人
布洛妮娅——阿澄佳奈
卡芙卡——伊藤静
符玄——伊藤美来",BV1eg411U7yz,3292913,4699,7826,09:17,2022-09-17
《崩坏：星穹铁道》剧情PV：「梦魇」,"《崩坏：星穹铁道》剧情PV：「梦魇」

当过去重新站在了你的面前，你会逃避，还是远离？

中文CV：
刃——刘以嘉
丹恒——李春胤
帕姆——蒋丽

日文CV：
刃——三木真一郎
丹恒——伊东健人
帕姆——长泽美树",BV1od4y1R7Tf,3695423,2873,5276,04:55,2022-08-24
《崩坏：星穹铁道》EP ：「雪融于烬」,"《崩坏：星穹铁道》EP ：「雪融于烬」

倘若你没有从远方赶来，
倘若我没有再许下允诺，
冰雪不会知晓火的温度。",BV18G4y1a7Pg,1890317,2160,4190,02:50,2022-08-18
《崩坏：星穹铁道》EP：「失控」,"《崩坏：星穹铁道》EP：「失控」

让提琴静默，让时钟停摆，
一切控制得如此彻底——
敌人的子弹甚至生活的风格。",BV13S4y1E78K,5481946,6184,8440,03:03,2022-07-22
《崩坏：星穹铁道》SGF参展视频：「致将启程的你」,"《崩坏：星穹铁道》SGF参展视频：「致将启程的你」
若你即将前往星之海洋，
祝愿你的旅途遥远漫长。

中文CV：
卡芙卡——徐慧
景元——孙晔

日文CV：
卡芙卡——伊藤静
景元——小野大辅",BV1Gt4y1H7wF,2052241,2610,6754,06:41,2022-06-10
《崩坏：星穹铁道》希露瓦角色PV——「引爆在即！」,"《崩坏：星穹铁道》希露瓦角色PV——「引爆在即！」

歌唱吧，即使旋律会停止。
燃烧吧，即使火焰会熄灭。
但人们苏醒时，天就亮了。
——一切引爆在即！

中文CV：
希露瓦——穆雪婷

日文CV：
希露瓦——爱美",BV1BY411u7wQ,4444846,5880,11082,04:56,2022-05-27
《崩坏：星穹铁道》开场动画：「一幕短剧」,"《崩坏：星穹铁道》开场动画：「一幕短剧」
至于「剧本」上没写的，就看临场发挥了。

中文CV：
卡芙卡——徐慧
艾丝妲——龟娘
阿兰——陶典
丹恒——鱼冻
三月七——诺亚
银狼——Hanser

日文CV：
卡芙卡——伊藤静
艾丝妲——赤崎千夏
阿兰——白石凉子
丹恒——伊东健人
三月七——小仓唯
银狼——阿澄佳奈",BV1dv4y1A7gL,2185823,2299,5329,04:35,2022-05-25
《崩坏：星穹铁道》漫游PV：「你」的选择,"#崩坏星穹铁道漫游测试#
「毁灭」别无选择，祂将湮灭，抹去宇宙存在的污点。
「存护」别无选择，祂将筑墙，保护尚有生机的世界。
而你依然拥有选择——以自己的意志，抵达结局吧！


中文CV:
卡芙卡——徐慧

日文CV：
卡芙卡——伊藤静",BV1ur4y1n71Y,4611540,7919,19056,09:21,2022-04-28
《崩坏：星穹铁道》三月七角色PV——「来，拍照啦！」,"#崩坏星穹铁道#
每天的记忆从按下快门的瞬间开始，今天，就选「你」啦~

中文CV：
三月七——诺亚

日文CV：
三月七——小仓唯",BV1VY4y1a78f,5964446,11366,23018,07:26,2022-04-21
《崩坏：星穹铁道》始发PV：下一站，银河！,"#崩坏星穹铁道#
此行驶向的每颗星辰，均是文明的辉光。",BV1L341117xS,6745332,8095,22788,01:58,2021-10-08
